회사명,거래소코드,회계년도,소속코드,통계청 한국표준산업분류 코드 10차(대분류),산업코드,산업명,상장일,상장폐지일,부가가치(IFRS)(백만원),법인세비용차감전(계속사업)손익(IFRS)(백만원),인건비(IFRS)(백만원),금융비용(IFRS)(백만원),임차료(IFRS)(백만원),세금과공과(IFRS)(백만원),감가상각비(IFRS)(백만원),종업원수(IFRS)
(주)다이나믹디자인,145210,2015,1,29,32902,  기타 기계 및 장비 제조업 ,2015-03-19,,66194.88,1548.77,46876.84,3589.4,0.0,0.0,14203.75,150.0
(주)다이나믹디자인,145210,2016,1,29,32902,  기타 기계 및 장비 제조업 ,2015-03-19,,-11379.61,-11379.61,0.0,0.0,0.0,0.0,0.0,134.0
(주)다이나믹디자인,145210,2017,1,29,32902,  기타 기계 및 장비 제조업 ,2015-03-19,,20831.2,-34429.26,39598.55,3990.88,0.0,0.0,11694.91,526.0
(주)대우건설,47040,2012,1,41,64101,  종합 건설업 ,2001-03-23,,1354073.61,227947.72,802635.0,94086.89,124047.0,54145.0,51212.0,5192.0
(주)대우건설,47040,2013,1,41,64101,  종합 건설업 ,2001-03-23,,405379.72,-839724.66,913926.0,86015.38,123239.0,62921.0,59003.0,6382.0
(주)대호에이엘,69460,2012,1,24,32402,  1차 금속 제조업 ,2002-11-11,,24570.4,3079.15,11556.95,4805.33,0.0,0.0,4859.82,176.0
(주)대호에이엘,69460,2013,1,24,32402,  1차 금속 제조업 ,2002-11-11,,18661.12,-2866.61,12448.63,3747.68,0.0,0.0,5116.96,175.0
(주)서연,7860,2012,1,71,33003,  전문 서비스업 ,1989-09-09,,419552.49,83889.0,246100.21,6877.82,3898.25,9254.49,69532.72,920.0
(주)셀트리온,68270,2018,1,21,32101,  의료용 물질 및 의약품 제조업 ,2018-02-09,,604013.85,301639.08,165997.87,3948.96,2838.2,4763.27,124826.47,1777.0
(주)셀트리온,68270,2019,1,21,32101,  의료용 물질 및 의약품 제조업 ,2018-02-09,,750558.65,382031.28,209351.25,-1228.84,1101.15,5584.2,153719.62,2111.0
(주)셀트리온,68270,2020,1,21,32101,  의료용 물질 및 의약품 제조업 ,2018-02-09,,1081530.12,657152.02,243184.58,1537.81,0.0,5846.31,173849.8,2158.0
(주)신흥,4080,2014,1,46,74605,  도매 및 상품 중개업 ,1991-02-08,,30145.31,8408.05,17805.21,846.54,0.0,0.0,3085.52,325.0
(주)신흥,4080,2015,1,46,74605,  도매 및 상품 중개업 ,1991-02-08,,25784.36,4473.05,17570.44,860.0,0.0,0.0,2880.87,321.0
(주)신흥,4080,2016,1,46,74605,  도매 및 상품 중개업 ,1991-02-08,,23336.27,2018.6,17602.48,915.4,0.0,0.0,2799.79,327.0
(주)신흥,4080,2017,1,46,74605,  도매 및 상품 중개업 ,1991-02-08,,26956.13,5020.45,18174.58,774.39,0.0,0.0,2986.71,319.0
(주)신흥,4080,2018,1,46,74605,  도매 및 상품 중개업 ,1991-02-08,,27675.99,5043.71,18811.48,780.36,0.0,0.0,3040.44,308.0
(주)신흥,4080,2019,1,46,74605,  도매 및 상품 중개업 ,1991-02-08,,25051.55,2652.08,18766.24,727.31,0.0,0.0,2905.92,283.0
(주)씨아이테크,4920,2014,1,26,74605,"  전자부품, 컴퓨터, 영상, 음향 및 통신장비 제조업 ",1989-11-30,,-79.17,-3403.83,2253.6,13.35,0.0,0.0,602.7,17.0
(주)씨아이테크,4920,2015,1,26,74605,"  전자부품, 컴퓨터, 영상, 음향 및 통신장비 제조업 ",1989-11-30,,4949.73,1128.85,2973.65,-179.86,0.0,0.0,398.63,38.0
(주)에스제이엠,123700,2012,1,30,33003,  자동차 및 트레일러 제조업 ,2010-05-31,,62116.07,24883.36,32822.51,251.31,0.0,0.0,4150.83,357.0
(주)에스제이엠,123700,2013,1,30,33003,  자동차 및 트레일러 제조업 ,2010-05-31,,66120.95,22263.84,38783.62,-15.79,0.0,0.0,5092.11,362.0
(주)에스제이엠,123700,2014,1,30,33003,  자동차 및 트레일러 제조업 ,2010-05-31,,66739.58,23368.55,39533.69,-561.89,0.0,0.0,4403.22,365.0
(주)에스제이엠,123700,2015,1,30,33003,  자동차 및 트레일러 제조업 ,2010-05-31,,75764.17,32458.7,39396.78,-563.33,0.0,0.0,4476.25,358.0
(주)에스제이엠홀딩스,25530,2012,1,45,137105,  자동차 및 부품 판매업 ,1997-02-12,,62933.87,26295.51,33972.04,-1677.15,0.0,0.0,4335.4,2.0
(주)에스제이엠홀딩스,25530,2013,1,45,137105,  자동차 및 부품 판매업 ,1997-02-12,,63377.32,22311.13,37300.74,-1562.41,0.0,0.0,5327.86,4.0
(주)에스제이엠홀딩스,25530,2014,1,45,137105,  자동차 및 부품 판매업 ,1997-02-12,,66070.88,24903.38,38484.0,-1993.09,0.0,0.0,4676.59,3.0
(주)에스제이엠홀딩스,25530,2015,1,45,137105,  자동차 및 부품 판매업 ,1997-02-12,,75440.06,33309.89,39216.48,-1770.6,0.0,0.0,4684.29,2.0
(주)에이치에스애드,35000,2012,1,71,137105,  전문 서비스업 ,1999-08-11,,87206.25,17404.8,61672.44,-2173.42,7759.8,424.66,2117.98,64.0
(주)에이치에스애드,35000,2013,1,71,137105,  전문 서비스업 ,1999-08-11,,86111.82,16492.61,59680.25,-1534.08,8527.57,497.69,2447.77,58.0
(주)에이치에스애드,35000,2014,1,71,137105,  전문 서비스업 ,1999-08-11,,91304.54,13238.98,66973.4,-715.91,8753.48,481.36,2573.23,65.0
(주)에이치에스애드,35000,2015,1,71,137105,  전문 서비스업 ,1999-08-11,,105994.79,15834.96,78416.86,-469.9,9072.71,505.36,2634.81,75.0
(주)에이치에스애드,35000,2016,1,71,137105,  전문 서비스업 ,1999-08-11,,110579.12,20720.5,77895.63,-494.11,9207.23,562.55,2687.32,80.0
(주)에이치에스애드,35000,2017,1,71,137105,  전문 서비스업 ,1999-08-11,,118386.25,19614.98,86616.14,-498.43,9049.52,528.77,3075.27,81.0
(주)에이치에스애드,35000,2018,1,71,137105,  전문 서비스업 ,1999-08-11,,129753.93,22627.74,95286.92,-866.0,8907.92,480.76,3316.59,74.0
(주)에이치제이중공업,97230,2014,1,41,33101,  종합 건설업 ,2007-08-31,,291365.0,-319669.0,280340.0,154517.0,42307.0,35824.0,98046.0,2544.0
(주)에이치제이중공업,97230,2015,1,41,64102,  종합 건설업 ,2007-08-31,,292787.0,-317241.0,283054.0,146576.0,52543.0,26448.0,101407.0,2632.0
(주)예스코홀딩스,15360,2018,1,71,137105,  전문 서비스업 ,1996-12-24,,94618.75,8523.4,66316.74,-21550.81,0.0,6344.93,35003.32,10.0
(주)웅진,16880,2013,1,71,137105,  전문 서비스업 ,1994-11-05,,744738.73,584400.41,70404.84,43429.82,5406.36,3584.3,37584.12,1017.0
(주)웅진,16880,2014,1,71,137105,  전문 서비스업 ,1994-11-05,,193742.1,94045.53,76625.99,-2866.64,4470.09,2635.92,20388.75,968.0
(주)웅진,16880,2015,1,71,137105,  전문 서비스업 ,1994-11-05,,150606.42,35903.76,75622.48,10891.16,4492.01,4793.61,22327.81,1112.0
(주)웅진,16880,2016,1,71,137105,  전문 서비스업 ,1994-11-05,,77404.42,5577.79,58483.02,121.7,4421.86,3546.93,5253.13,1201.0
(주)이수화학,5950,2012,1,20,32001,  화학물질 및 화학제품 제조업; 의약품 제외 ,1988-04-28,,124320.41,30484.55,51008.87,25830.94,0.0,0.0,16996.04,360.0
(주)이수화학,5950,2013,1,20,32001,  화학물질 및 화학제품 제조업; 의약품 제외 ,1988-04-28,,50537.24,-58646.98,68772.73,30442.59,0.0,0.0,9968.91,382.0
(주)이수화학,5950,2014,1,20,32001,  화학물질 및 화학제품 제조업; 의약품 제외 ,1988-04-28,,19697.32,-90346.99,68291.5,30750.79,0.0,0.0,11002.01,379.0
(주)이수화학,5950,2015,1,20,32001,  화학물질 및 화학제품 제조업; 의약품 제외 ,1988-04-28,,56815.32,-42558.57,66896.05,21841.61,0.0,0.0,10636.24,379.0
(주)이수화학,5950,2016,1,20,32001,  화학물질 및 화학제품 제조업; 의약품 제외 ,1988-04-28,,119677.41,18244.88,73591.1,16158.3,0.0,0.0,11705.81,377.0
(주)이수화학,5950,2017,1,20,32001,  화학물질 및 화학제품 제조업; 의약품 제외 ,1988-04-28,,112594.18,1458.34,81236.99,17116.17,0.0,0.0,12782.67,394.0
(주)청호ICT,12600,2015,1,29,32901,  기타 기계 및 장비 제조업 ,1990-07-10,,5691.75,-12350.78,11582.38,2356.28,0.0,0.0,4355.89,113.0
(주)케이티앤지,33780,2012,1,12,31201,  담배 제조업 ,1999-10-08,,1751731.96,1014367.63,606363.0,-40818.67,0.0,0.0,171820.0,4313.0
(주)케이티앤지,33780,2013,1,12,31201,  담배 제조업 ,1999-10-08,,1629602.95,882092.95,612254.0,-35180.0,0.0,0.0,170436.0,4235.0
(주)케이티앤지,33780,2014,1,12,31201,  담배 제조업 ,1999-10-08,,1882963.27,1146962.98,628153.0,-47676.71,0.0,0.0,155524.0,4158.0
(주)케이티앤지,33780,2015,1,12,31201,  담배 제조업 ,1999-10-08,,2209372.8,1429857.73,667611.0,-41923.93,0.0,0.0,153828.0,4102.0
(주)케이티앤지,33780,2016,1,12,31201,  담배 제조업 ,1999-10-08,,2355831.77,1571030.13,681218.0,-50383.36,0.0,0.0,153967.0,4145.0
(주)케이티앤지,33780,2017,1,12,31201,  담배 제조업 ,1999-10-08,,2193126.18,1399152.18,685036.0,-54363.0,0.0,0.0,163301.0,4295.0
(주)케이티앤지,33780,2018,1,12,31201,  담배 제조업 ,1999-10-08,,2185943.41,1322483.57,742597.0,-30965.16,0.0,0.0,151828.0,4433.0
STX조선해양(주),67250,2012,4,31,33101,  기타 운송장비 제조업 ,2003-10-27,2014/04/15,506773.0,-1038219.0,889135.0,244876.0,150864.0,35565.0,276532.0,3091.0
계룡건설산업(주),13580,2012,1,41,64102,  종합 건설업 ,1996-01-30,,183731.49,10269.0,143240.96,22155.47,0.0,0.0,8066.07,956.0
계양전기(주),12200,2016,1,29,32901,  기타 기계 및 장비 제조업 ,1988-07-06,,88467.59,20637.13,59159.05,24.88,0.0,0.0,8646.54,693.0
계양전기(주),12200,2017,1,29,32901,  기타 기계 및 장비 제조업 ,1988-07-06,,82589.63,9677.24,63169.75,-27.57,0.0,0.0,9791.79,707.0
계양전기(주),12200,2018,1,29,32901,  기타 기계 및 장비 제조업 ,1988-07-06,,85869.18,8083.16,66284.37,-7.53,0.0,0.0,11509.19,755.0
계양전기(주),12200,2019,1,29,32901,  기타 기계 및 장비 제조업 ,1988-07-06,,79012.22,-4236.42,70003.08,571.25,0.0,0.0,12674.31,749.0
계양전기(주),12200,2020,1,29,32901,  기타 기계 및 장비 제조업 ,1988-07-06,,91069.83,10854.36,67113.3,585.72,0.0,0.0,12516.46,735.0
대한전선(주),1440,2012,1,28,32803,  전기장비 제조업 ,1968-12-27,,-174437.99,-455675.99,106024.0,125780.0,16714.0,0.0,32720.0,1021.0
두산에너빌리티(주),34020,2017,1,29,32901,  기타 기계 및 장비 제조업 ,2000-10-25,,3041385.78,22412.78,2055868.0,449994.0,0.0,0.0,513111.0,7609.0
두산에너빌리티(주),34020,2018,1,29,32901,  기타 기계 및 장비 제조업 ,2000-10-25,,2857981.49,-106330.51,2012912.0,459499.0,0.0,0.0,499052.0,7294.0
두산에너빌리티(주),34020,2019,1,29,32901,  기타 기계 및 장비 제조업 ,2000-10-25,,2929862.06,-63346.94,1993942.0,448373.0,0.0,0.0,550894.0,6721.0
삼화전자공업(주),11230,2016,1,26,32605,"  전자부품, 컴퓨터, 영상, 음향 및 통신장비 제조업 ",1987-05-25,,15183.08,-361.73,9397.83,1706.43,0.0,0.0,4501.54,123.0
삼화전자공업(주),11230,2017,1,26,32605,"  전자부품, 컴퓨터, 영상, 음향 및 통신장비 제조업 ",1987-05-25,,11659.55,-3154.26,8996.56,1536.06,0.0,0.0,4338.15,116.0
신일전자(주),2700,2013,1,46,74605,  도매 및 상품 중개업 ,1975-09-30,,17314.58,8029.35,7533.88,-29.38,765.48,492.92,598.18,109.0
아시아나항공(주),20560,2015,1,51,85101,  항공 운송업 ,2008-03-28,,1875923.16,-164378.29,889765.29,164707.83,559981.73,0.0,425846.62,9125.0
아시아나항공(주),20560,2016,1,51,85101,  항공 운송업 ,2008-03-28,,2057989.28,70296.26,857393.57,134006.23,602155.27,0.0,401336.39,8901.0
에스엘(주),5850,2013,1,30,33003,  자동차 및 트레일러 제조업 ,1988-11-08,,333103.21,100178.44,183884.6,2078.26,0.0,0.0,47489.55,1555.0
에스엘(주),5850,2014,1,30,33003,  자동차 및 트레일러 제조업 ,1988-11-08,,379120.06,126539.9,200897.89,-1843.55,0.0,0.0,54041.37,1587.0
에스엘(주),5850,2015,1,30,33003,  자동차 및 트레일러 제조업 ,1988-11-08,,395543.43,110209.39,227267.08,476.83,0.0,0.0,58038.45,1613.0
에스엘(주),5850,2016,1,30,33003,  자동차 및 트레일러 제조업 ,1988-11-08,,499234.89,166459.71,265162.9,2569.24,0.0,0.0,65491.67,2180.0
에스엘(주),5850,2017,1,30,33003,  자동차 및 트레일러 제조업 ,1988-11-08,,480490.26,119887.39,288974.7,1452.73,0.0,0.0,70699.06,2281.0
에스엘(주),5850,2018,1,30,33003,  자동차 및 트레일러 제조업 ,1988-11-08,,417615.36,30112.96,316776.17,367.45,0.0,0.0,71082.8,2350.0
참엔지니어링(주),9310,2012,1,29,32902,  기타 기계 및 장비 제조업 ,1987-11-12,,-7679.19,-28861.66,14432.54,2793.86,0.0,0.0,4015.93,221.0
참엔지니어링(주),9310,2013,1,29,32902,  기타 기계 및 장비 제조업 ,1987-11-12,,38417.62,17259.73,12178.5,4428.27,0.0,0.0,4483.22,235.0
참엔지니어링(주),9310,2014,1,29,32902,  기타 기계 및 장비 제조업 ,1987-11-12,,6536.68,-16677.53,13904.41,4638.65,0.0,0.0,4671.16,243.0
케이지케미칼(주),1390,2015,1,20,32001,  화학물질 및 화학제품 제조업; 의약품 제외 ,1989-08-25,,149968.79,57434.11,68670.03,3486.0,0.0,0.0,20378.64,223.0
코스모화학(주),5420,2013,1,20,32004,  화학물질 및 화학제품 제조업; 의약품 제외 ,1987-07-23,,73053.05,-5134.13,36984.03,14790.64,0.0,0.0,26465.42,360.0
코스모화학(주),5420,2014,1,20,32004,  화학물질 및 화학제품 제조업; 의약품 제외 ,1987-07-23,,24266.61,-56428.51,35725.47,17990.8,0.0,0.0,27269.46,398.0
코스모화학(주),5420,2015,1,20,32004,  화학물질 및 화학제품 제조업; 의약품 제외 ,1987-07-23,,-36308.4,-122499.62,39074.58,18388.58,0.0,0.0,28993.6,392.0
코스모화학(주),5420,2016,1,20,32004,  화학물질 및 화학제품 제조업; 의약품 제외 ,1987-07-23,,685.17,-72508.54,38440.21,17115.05,0.0,0.0,18161.25,177.0
코스모화학(주),5420,2017,1,20,32004,  화학물질 및 화학제품 제조업; 의약품 제외 ,1987-07-23,,94333.3,24406.79,34462.63,12359.46,0.0,0.0,14517.36,183.0
티와이엠(주),2900,2015,1,29,32902,  기타 기계 및 장비 제조업 ,1973-06-26,,70811.11,4826.91,49930.2,4198.52,0.0,2356.21,9499.27,685.0
한국항공우주산업(주),47810,2012,1,31,33103,  기타 운송장비 제조업 ,2011-06-30,,444780.72,91483.87,283463.73,16026.4,0.0,0.0,53806.72,2970.0
한국항공우주산업(주),47810,2013,1,31,33103,  기타 운송장비 제조업 ,2011-06-30,,510263.43,92233.77,332234.67,6992.41,0.0,0.0,78802.58,3144.0
한국항공우주산업(주),47810,2014,1,31,33103,  기타 운송장비 제조업 ,2011-06-30,,643106.45,168769.89,383536.5,7312.75,0.0,0.0,83487.3,3231.0
한국항공우주산업(주),47810,2015,1,31,33103,  기타 운송장비 제조업 ,2011-06-30,,847277.72,343072.85,403419.7,11140.35,0.0,0.0,89644.82,3530.0
한국항공우주산업(주),47810,2016,1,31,33103,  기타 운송장비 제조업 ,2011-06-30,,895991.42,317133.75,463357.32,11192.97,0.0,0.0,104307.38,3905.0
한국항공우주산업(주),47810,2017,1,31,33103,  기타 운송장비 제조업 ,2011-06-30,,236805.18,-320282.34,455735.43,17708.67,0.0,0.0,83643.42,4156.0
한솔홀딩스(주),4150,2012,1,71,31701,  전문 서비스업 ,1972-05-17,,291959.61,42912.07,109930.0,70529.54,0.0,0.0,68588.0,890.0
한솔홀딩스(주),4150,2013,1,71,31701,  전문 서비스업 ,1972-05-17,,328636.6,24206.28,140022.0,78097.32,0.0,0.0,86311.0,887.0
한신공영(주),4960,2012,1,41,64101,  종합 건설업 ,1976-07-07,,83871.47,9811.22,57065.0,14989.26,0.0,0.0,1974.47,703.0
한신공영(주),4960,2013,1,41,64101,  종합 건설업 ,1976-07-07,,80606.76,-775.56,63540.0,15940.32,0.0,0.0,1902.39,725.0
한화오션(주),42660,2012,1,31,33101,  기타 운송장비 제조업 ,2001-02-02,,-293219.75,-293219.75,0.0,0.0,0.0,0.0,0.0,12781.0
한화오션(주),42660,2013,1,31,33101,  기타 운송장비 제조업 ,2001-02-02,,-1124114.66,-1124114.66,0.0,0.0,0.0,0.0,0.0,13298.0
한화오션(주),42660,2014,1,31,33101,  기타 운송장비 제조업 ,2001-02-02,,1042817.4,-1010005.27,1610571.0,89760.67,96608.0,0.0,255883.0,13602.0
한화오션(주),42660,2015,1,31,33101,  기타 운송장비 제조업 ,2001-02-02,,-1047045.56,-3124361.44,1664754.0,74784.88,97066.0,0.0,240711.0,13199.0
현대건설(주),720,2013,1,41,64102,  종합 건설업 ,1984-12-22,,2022823.0,673199.0,1256200.0,157.0,0.0,0.0,93263.0,7468.0
현대건설(주),720,2014,1,41,64102,  종합 건설업 ,1984-12-22,,2399598.0,673017.0,1540530.0,31992.0,0.0,0.0,154054.0,7226.0
현대건설(주),720,2015,1,41,64102,  종합 건설업 ,1984-12-22,,2715180.0,898137.0,1591811.0,29408.0,0.0,0.0,195819.0,7131.0
현대건설(주),720,2016,1,41,64102,  종합 건설업 ,1984-12-22,,2774105.0,981478.0,1594513.0,6913.0,0.0,0.0,190461.0,7034.0
(주)광림,14200,2019,6,30,33001,  자동차 및 트레일러 제조업 ,1993-07-07,,-27863.28,-3612.22,-23863.64,4422.75,-194.64,0.0,5253.06,187.0
(주)광무,29480,2012,5,26,32604,"  전자부품, 컴퓨터, 영상, 음향 및 통신장비 제조업 ",1996-08-27,,2867.93,-9927.79,8334.17,938.85,766.78,0.0,2755.93,132.0
(주)광무,29480,2013,5,26,32604,"  전자부품, 컴퓨터, 영상, 음향 및 통신장비 제조업 ",1996-08-27,,-19191.93,-28676.75,6095.68,1226.2,417.96,0.0,2218.94,37.0
(주)기가레인,49080,2014,5,26,32602,"  전자부품, 컴퓨터, 영상, 음향 및 통신장비 제조업 ",2013-12-19,,28620.93,8222.54,12923.57,770.04,0.0,0.0,6704.78,377.0
(주)기가레인,49080,2015,5,26,32602,"  전자부품, 컴퓨터, 영상, 음향 및 통신장비 제조업 ",2013-12-19,,9658.87,-18364.1,17811.02,1082.95,0.0,0.0,9129.01,364.0
(주)기가레인,49080,2016,5,26,32602,"  전자부품, 컴퓨터, 영상, 음향 및 통신장비 제조업 ",2013-12-19,,18559.19,-11312.09,18175.93,1959.79,0.0,0.0,9785.16,350.0
(주)기가레인,49080,2017,5,26,32902,"  전자부품, 컴퓨터, 영상, 음향 및 통신장비 제조업 ",2013-12-19,,23651.93,988.78,13332.43,2469.73,0.0,0.0,8136.93,200.0
(주)기가레인,49080,2018,5,26,32902,"  전자부품, 컴퓨터, 영상, 음향 및 통신장비 제조업 ",2013-12-19,,15054.46,-12527.04,16509.23,3226.01,0.0,0.0,7846.26,222.0
(주)기가레인,49080,2019,5,26,32902,"  전자부품, 컴퓨터, 영상, 음향 및 통신장비 제조업 ",2013-12-19,,-16789.54,-45821.76,16267.14,3655.29,0.0,0.0,8875.05,199.0
(주)녹원씨엔아이,65560,2015,4,18,105802,  인쇄 및 기록매체 복제업 ,2003-07-01,2024/07/29,-4094.76,-6522.54,1550.47,428.15,0.0,0.0,449.16,35.0
(주)녹원씨엔아이,65560,2016,4,18,105802,  인쇄 및 기록매체 복제업 ,2003-07-01,2024/07/29,-8947.59,-11030.25,1123.44,689.67,0.0,0.0,269.56,26.0
(주)녹원씨엔아이,65560,2017,4,18,74607,  인쇄 및 기록매체 복제업 ,2003-07-01,2024/07/29,10130.26,2869.06,4359.22,2355.87,0.0,0.0,546.11,17.0
(주)녹원씨엔아이,65560,2018,4,18,74607,  인쇄 및 기록매체 복제업 ,2003-07-01,2024/07/29,26818.2,10040.37,11611.46,4319.68,0.0,0.0,846.68,107.0
(주)뉴온,123840,2016,6,29,32902,  기타 기계 및 장비 제조업 ,2010-10-05,,26121.95,17888.31,7780.71,-569.45,0.0,0.0,1022.35,143.0
(주)뉴온,123840,2017,6,29,32902,  기타 기계 및 장비 제조업 ,2010-10-05,,40027.76,30706.72,8427.75,-916.31,0.0,0.0,1809.6,110.0
(주)디오,39840,2012,5,27,32701,"  의료, 정밀, 광학기기 및 시계 제조업 ",2000-06-29,,18617.7,-5990.3,11970.56,5923.54,0.0,0.0,1640.78,270.0
(주)디오,39840,2013,5,27,32701,"  의료, 정밀, 광학기기 및 시계 제조업 ",2000-06-29,,18473.13,-10021.39,14064.95,6634.67,0.0,0.0,1877.24,313.0
(주)디오,39840,2014,5,27,32701,"  의료, 정밀, 광학기기 및 시계 제조업 ",2000-06-29,,23550.93,-3980.7,16032.68,7458.99,0.0,0.0,2318.42,228.0
(주)디오,39840,2015,5,27,32701,"  의료, 정밀, 광학기기 및 시계 제조업 ",2000-06-29,,33782.99,13038.48,12698.23,5494.39,0.0,0.0,2218.48,232.0
(주)디오,39840,2016,5,27,32701,"  의료, 정밀, 광학기기 및 시계 제조업 ",2000-06-29,,48306.1,25560.96,17496.95,587.32,0.0,0.0,2879.41,293.0
(주)디지털대성,68930,2015,5,85,168505,  교육 서비스업 ,2003-10-17,,19723.67,6583.09,10469.04,-935.78,0.0,0.0,3607.33,223.0
(주)무궁화인포메이션테크놀로지,38340,2014,6,26,74707,"  전자부품, 컴퓨터, 영상, 음향 및 통신장비 제조업 ",2001-11-22,,-7094.41,-11323.27,2527.14,824.01,0.0,0.0,788.74,44.0
(주)무궁화인포메이션테크놀로지,38340,2015,6,26,74707,"  전자부품, 컴퓨터, 영상, 음향 및 통신장비 제조업 ",2001-11-22,,-4044.02,-6384.12,1921.64,-324.75,0.0,0.0,569.12,43.0
(주)미래SCI,28040,2015,4,46,32901,  도매 및 상품 중개업 ,1996-07-27,2021/04/13,1764.74,-2561.38,1893.88,1350.12,0.0,0.0,985.55,45.0
(주)미래SCI,28040,2016,4,46,32901,  도매 및 상품 중개업 ,1996-07-27,2021/04/13,1549.92,-668.66,986.57,1019.0,0.0,0.0,817.97,28.0
(주)바이오니아,64550,2013,5,21,32103,  의료용 물질 및 의약품 제조업 ,2005-12-29,,6362.65,-7155.78,7374.18,2372.21,0.0,0.0,4234.33,284.0
(주)바이오니아,64550,2014,5,21,32103,  의료용 물질 및 의약품 제조업 ,2005-12-29,,478.47,-13558.31,8595.21,2566.34,0.0,0.0,3311.7,285.0
(주)상보,27580,2014,5,22,32602,  고무 및 플라스틱제품 제조업 ,2007-10-01,,25898.61,-2458.43,17964.55,1983.67,167.37,1104.42,7137.13,425.0
(주)상보,27580,2015,5,22,32602,  고무 및 플라스틱제품 제조업 ,2007-10-01,,25712.38,-3967.45,18193.41,2753.89,314.91,1014.76,7401.88,351.0
(주)상보,27580,2016,5,22,32602,  고무 및 플라스틱제품 제조업 ,2007-10-01,,5799.8,-18913.91,18465.38,2865.33,340.85,1550.37,7881.94,303.0
(주)서울리거,43710,2012,5,46,33309,  도매 및 상품 중개업 ,2002-07-11,,4601.61,1259.05,1690.82,-89.93,107.14,185.95,1448.57,49.0
(주)서희건설,35890,2012,5,41,64101,  종합 건설업 ,1999-12-24,,51076.84,-16973.58,56382.2,7637.01,0.0,0.0,4031.22,1104.0
(주)서희건설,35890,2013,5,41,64101,  종합 건설업 ,1999-12-24,,28690.21,-60488.58,66999.19,10789.28,0.0,0.0,11390.32,966.0
(주)서희건설,35890,2014,5,41,64101,  종합 건설업 ,1999-12-24,,99179.18,8936.03,68504.58,10873.63,0.0,0.0,10864.95,962.0
(주)서희건설,35890,2015,5,41,64101,  종합 건설업 ,1999-12-24,,110984.64,19893.3,70564.4,8644.84,0.0,0.0,11882.09,0.0
(주)서희건설,35890,2016,5,41,64101,  종합 건설업 ,1999-12-24,,137015.58,38913.04,79385.31,7549.74,0.0,0.0,11167.5,983.0
(주)셀루메드,49180,2015,5,21,32101,  의료용 물질 및 의약품 제조업 ,2002-05-23,,-1612.82,-11981.39,4495.05,2778.96,0.0,0.0,3607.0,74.0
(주)셀루메드,49180,2016,5,21,32101,  의료용 물질 및 의약품 제조업 ,2002-05-23,,-29236.41,-37492.89,3527.22,1859.04,0.0,0.0,3414.09,90.0
(주)셀루메드,49180,2017,5,21,32101,  의료용 물질 및 의약품 제조업 ,2002-05-23,,-653.26,-7884.46,3288.6,1785.47,0.0,0.0,2636.64,61.0
(주)셀트리온제약,68760,2012,5,21,32102,  의료용 물질 및 의약품 제조업 ,2006-02-03,,21306.62,3383.33,14770.66,267.0,1069.33,785.02,1159.88,325.0
(주)셀트리온제약,68760,2013,5,21,32102,  의료용 물질 및 의약품 제조업 ,2006-02-03,,22892.12,3622.35,14947.78,1059.79,1355.64,878.64,1050.32,325.0
(주)셀트리온제약,68760,2014,5,21,32102,  의료용 물질 및 의약품 제조업 ,2006-02-03,,27500.22,5909.85,15627.64,2663.81,1155.21,998.34,1186.95,348.0
(주)셀트리온제약,68760,2015,5,21,32102,  의료용 물질 및 의약품 제조업 ,2006-02-03,,28763.74,1059.74,18781.1,5265.25,1272.68,1030.76,1466.0,419.0
(주)셀트리온제약,68760,2016,5,21,32102,  의료용 물질 및 의약품 제조업 ,2006-02-03,,25360.99,-23449.69,25204.13,8350.1,1358.55,1829.19,12068.73,517.0
(주)셀트리온제약,68760,2017,5,21,32102,  의료용 물질 및 의약품 제조업 ,2006-02-03,,73383.28,15463.56,36085.09,5378.67,1653.84,2568.17,12233.95,593.0
(주)셀트리온헬스케어,91990,2017,4,46,74607,  도매 및 상품 중개업 ,2017-07-28,2024/01/12,254674.14,217014.04,19027.0,17306.1,1145.0,0.0,182.0,137.0
(주)셀트리온헬스케어,91990,2018,4,46,74607,  도매 및 상품 중개업 ,2017-07-28,2024/01/12,53128.47,28880.3,26719.0,-4612.83,1818.0,0.0,324.0,130.0
(주)시노펙스,25320,2016,5,26,32602,"  전자부품, 컴퓨터, 영상, 음향 및 통신장비 제조업 ",1995-04-20,,26137.23,-3766.58,22183.06,1597.72,0.0,0.0,6123.03,120.0
(주)시노펙스,25320,2017,5,26,32602,"  전자부품, 컴퓨터, 영상, 음향 및 통신장비 제조업 ",1995-04-20,,13207.89,-11529.25,18008.83,1373.28,0.0,0.0,6090.02,90.0
(주)시큐브,131090,2016,5,58,105802,  출판업 ,2011-12-21,,6544.15,1195.84,4751.49,-128.81,0.0,0.0,725.64,98.0
(주)시큐브,131090,2017,5,58,105802,  출판업 ,2011-12-21,,8833.85,3365.03,5227.05,-146.53,0.0,0.0,509.92,105.0
(주)시큐브,131090,2018,5,58,105802,  출판업 ,2011-12-21,,6938.07,2682.77,3896.14,-141.95,0.0,0.0,582.91,83.0
(주)시큐브,131090,2019,5,58,105802,  출판업 ,2011-12-21,,10357.81,5167.38,4706.71,-140.95,0.0,0.0,664.38,78.0
(주)씨씨에스충북방송,66790,2014,5,60,106002,  방송 및 영상·오디오물 제공 서비스업 ,2003-05-30,,3968.23,-4309.7,3729.47,-115.42,0.0,0.0,4935.71,35.0
(주)씨씨에스충북방송,66790,2015,5,60,106002,  방송 및 영상·오디오물 제공 서비스업 ,2003-05-30,,4431.29,-2871.05,3430.72,104.77,0.0,0.0,3988.14,35.0
(주)씨씨에스충북방송,66790,2016,5,60,106002,  방송 및 영상·오디오물 제공 서비스업 ,2003-05-30,,5080.6,-2198.83,2378.25,461.44,0.0,0.0,4664.31,40.0
(주)씨씨에스충북방송,66790,2017,5,60,106002,  방송 및 영상·오디오물 제공 서비스업 ,2003-05-30,,737.36,-7114.19,2498.0,503.93,0.0,0.0,5016.54,37.0
(주)씨에스,65770,2014,5,26,32604,"  전자부품, 컴퓨터, 영상, 음향 및 통신장비 제조업 ",2004-06-04,,-4961.02,-18085.28,4133.33,2353.48,2739.13,0.0,3898.31,71.0
(주)씨에스에이코스믹,83660,2013,5,20,32202,  화학물질 및 화학제품 제조업; 의약품 제외 ,2006-07-25,,4862.55,-236.98,4300.59,499.72,0.0,0.0,313.56,74.0
(주)씨엔플러스,115530,2018,5,26,32602,"  전자부품, 컴퓨터, 영상, 음향 및 통신장비 제조업 ",2011-11-02,,743.48,-7295.16,5352.01,1002.25,0.0,0.0,1686.04,73.0
(주)씨엔플러스,115530,2019,5,26,32602,"  전자부품, 컴퓨터, 영상, 음향 및 통신장비 제조업 ",2011-11-02,,12.9,-6560.21,3687.09,1108.64,0.0,0.0,1953.87,40.0
(주)씨엔플러스,115530,2020,5,26,32602,"  전자부품, 컴퓨터, 영상, 음향 및 통신장비 제조업 ",2011-11-02,,1892.23,-2590.95,2979.0,130.74,0.0,0.0,1384.86,0.0
(주)씨엠에스에듀,225330,2016,4,85,168505,  교육 서비스업 ,2016-04-07,2022/03/17,21900.67,5551.29,9475.37,-77.89,4832.26,346.33,1773.32,725.0
(주)씨엠에스에듀,225330,2017,4,85,168505,  교육 서비스업 ,2016-04-07,2022/03/17,28023.74,7608.75,11318.67,-346.0,5965.99,493.86,2982.47,823.0
(주)씨젠,96530,2014,5,21,32004,  의료용 물질 및 의약품 제조업 ,2010-09-10,,30537.32,10798.2,13929.5,963.9,0.0,0.0,5660.49,201.0
(주)씨젠,96530,2015,5,21,32004,  의료용 물질 및 의약품 제조업 ,2010-09-10,,30322.41,8916.97,15426.58,835.63,0.0,0.0,6036.02,215.0
(주)씨젠,96530,2016,5,21,32004,  의료용 물질 및 의약품 제조업 ,2010-09-10,,33633.09,9413.25,17680.38,1054.14,0.0,0.0,6554.95,235.0
(주)씨젠,96530,2017,5,21,32103,  의료용 물질 및 의약품 제조업 ,2010-09-10,,30196.95,3023.29,19228.29,898.57,0.0,0.0,8320.39,303.0
(주)씨젠,96530,2018,5,21,32103,  의료용 물질 및 의약품 제조업 ,2010-09-10,,40909.92,10668.46,22555.99,-54.75,0.0,0.0,7740.22,322.0
(주)아난티,25980,2012,5,55,189101,  숙박업 ,1996-01-06,,7953.58,-3538.61,5928.29,1047.15,0.0,0.0,2666.47,180.0
(주)아난티,25980,2013,5,55,189101,  숙박업 ,1996-01-06,,6466.59,-5210.73,6091.81,1778.3,0.0,0.0,2171.54,186.0
(주)아난티,25980,2014,5,55,189101,  숙박업 ,1996-01-06,,15466.32,3154.59,6315.99,2235.2,0.0,0.0,1979.96,184.0
(주)아난티,25980,2015,5,55,189101,  숙박업 ,1996-01-06,,60278.16,46805.65,7979.55,2043.79,0.0,0.0,2207.45,247.0
(주)알파홀딩스,117670,2016,6,26,32601,"  전자부품, 컴퓨터, 영상, 음향 및 통신장비 제조업 ",2010-09-17,,-33907.34,-43017.72,6610.7,518.03,88.57,321.55,1664.24,99.0
(주)에스디생명공학,217480,2018,6,20,32004,  화학물질 및 화학제품 제조업; 의약품 제외 ,2017-03-02,,21991.59,8346.91,11839.87,-233.92,0.0,0.0,2038.73,166.0
(주)에스디생명공학,217480,2019,6,20,32004,  화학물질 및 화학제품 제조업; 의약품 제외 ,2017-03-02,,-817.41,-17047.59,14009.94,-75.02,0.0,0.0,2272.14,208.0
(주)에스마크,30270,2016,4,13,31301,  섬유제품 제조업; 의복제외 ,1997-01-17,2020/05/21,-8097.64,-22040.39,7004.24,2194.8,0.0,0.0,4750.6,129.0
(주)에스마크,30270,2017,4,13,31301,  섬유제품 제조업; 의복제외 ,1997-01-17,2020/05/21,-59057.71,-69854.05,6088.55,3010.42,0.0,0.0,1697.37,58.0
(주)에스에프씨,112240,2016,4,22,32202,  고무 및 플라스틱제품 제조업 ,2011-11-30,2020/06/30,7753.2,2282.69,4014.03,-2.5,73.63,95.51,1289.84,96.0
(주)에스에프씨,112240,2017,4,22,32202,  고무 및 플라스틱제품 제조업 ,2011-11-30,2020/06/30,-13610.85,-19929.23,5019.37,-305.95,193.92,132.36,1278.67,111.0
(주)에스제이케이,80440,2013,4,46,33003,  도매 및 상품 중개업 ,2005-05-13,2021/09/13,-6136.67,-21168.35,8761.21,2338.64,0.0,0.0,3941.15,160.0
(주)에스제이케이,80440,2014,4,46,33003,  도매 및 상품 중개업 ,2005-05-13,2021/09/13,-5380.88,-17840.59,7591.7,2173.59,0.0,0.0,2694.42,120.0
(주)엘아이에스,138690,2012,4,29,32902,  기타 기계 및 장비 제조업 ,2011-06-02,2023/12/06,-6935.17,-16819.84,8317.86,7.83,0.0,0.0,1558.97,212.0
(주)엘아이에스,138690,2013,4,29,32902,  기타 기계 및 장비 제조업 ,2011-06-02,2023/12/06,8445.72,-4333.34,9721.56,385.23,0.0,0.0,2672.27,236.0
(주)엘아이에스,138690,2014,4,29,32902,  기타 기계 및 장비 제조업 ,2011-06-02,2023/12/06,-6685.94,-21907.32,10078.14,1055.42,0.0,0.0,4087.82,218.0
(주)엘아이에스,138690,2015,4,29,32902,  기타 기계 및 장비 제조업 ,2011-06-02,2023/12/06,35520.79,18450.67,11941.62,2093.68,0.0,0.0,3034.81,160.0
(주)엘앤케이바이오메드,156100,2017,5,27,32701,"  의료, 정밀, 광학기기 및 시계 제조업 ",2016-11-30,,-2830.15,-17455.05,10600.29,1120.68,0.0,0.0,2968.99,111.0
(주)엘엠에스,73110,2012,5,26,32703,"  전자부품, 컴퓨터, 영상, 음향 및 통신장비 제조업 ",2007-10-12,,29190.94,8630.61,12707.57,1647.68,0.0,0.0,6716.7,330.0
(주)엠젠솔루션,32790,2012,5,46,32602,  도매 및 상품 중개업 ,1997-06-26,,-2433.99,-11396.46,6905.08,478.16,0.0,0.0,1585.49,55.0
(주)엠젠솔루션,32790,2013,5,46,32602,  도매 및 상품 중개업 ,1997-06-26,,5576.88,-5767.57,8354.59,531.58,0.0,0.0,2458.29,63.0
(주)엠젠솔루션,32790,2014,5,46,32602,  도매 및 상품 중개업 ,1997-06-26,,4833.04,-4280.3,7472.28,256.88,0.0,0.0,2408.9,33.0
(주)엠젠솔루션,32790,2015,5,46,74605,  도매 및 상품 중개업 ,1997-06-26,,1552.98,-9457.24,9584.33,452.61,0.0,0.0,1309.42,35.0
(주)엠젠솔루션,32790,2016,5,46,74605,  도매 및 상품 중개업 ,1997-06-26,,8450.88,-2450.06,8388.38,731.79,0.0,0.0,1394.91,53.0
(주)엠젠솔루션,32790,2017,5,46,74605,  도매 및 상품 중개업 ,1997-06-26,,8112.41,-1964.28,8654.8,185.15,0.0,0.0,1482.67,36.0
(주)오리엔탈정공,14940,2015,5,29,33101,  기타 기계 및 장비 제조업 ,2001-12-26,,31667.79,-7370.82,28516.65,6315.39,0.0,0.0,4229.84,111.0
(주)와이오엠,66430,2014,5,46,74607,  도매 및 상품 중개업 ,2002-12-24,,2485.38,1928.73,473.77,5.97,53.16,0.0,23.75,23.0
(주)와이오엠,66430,2015,5,46,147509,  도매 및 상품 중개업 ,2002-12-24,,-4187.97,-6053.77,851.8,389.99,153.74,0.0,483.19,22.0
(주)와이오엠,66430,2016,5,46,147509,  도매 및 상품 중개업 ,2002-12-24,,1708.93,1243.83,252.31,58.18,12.0,0.0,37.85,37.0
(주)우리기술,32820,2015,5,28,32801,  전기장비 제조업 ,2000-06-22,,4040.12,-10649.36,9047.18,1988.28,384.9,537.85,2812.65,114.0
(주)우리기술,32820,2016,5,28,32801,  전기장비 제조업 ,2000-06-22,,14542.43,4986.48,5698.83,1298.7,49.57,431.31,2077.54,120.0
(주)위너지스,26260,2015,4,46,74608,  도매 및 상품 중개업 ,1996-09-24,2018/10/11,-13958.52,-21298.75,4114.09,875.62,0.0,0.0,2350.52,26.0
(주)위너지스,26260,2016,4,46,74608,  도매 및 상품 중개업 ,1996-09-24,2018/10/11,-37455.3,-49561.07,5794.36,3122.05,1852.99,0.0,1260.23,23.0
(주)위니아,71460,2016,6,28,32805,  전기장비 제조업 ,2016-07-14,,92709.06,1724.83,61441.18,2401.8,11329.19,0.0,15812.06,664.0
(주)위니아,71460,2017,6,28,32805,  전기장비 제조업 ,2016-07-14,,94228.5,1904.07,58815.75,3465.23,13108.85,0.0,16934.61,648.0
(주)위닉스,44340,2014,5,28,32805,  전기장비 제조업 ,2000-10-24,,41551.39,7788.89,22817.68,3095.5,0.0,0.0,6819.14,465.0
(주)위닉스,44340,2015,5,28,32805,  전기장비 제조업 ,2000-10-24,,22323.84,-17998.64,27835.97,3875.45,0.0,0.0,8679.05,512.0
(주)위닉스,44340,2016,5,28,32805,  전기장비 제조업 ,2000-10-24,,34679.29,-6916.33,29505.63,3566.4,0.0,0.0,8629.01,397.0
(주)이엠앤아이,83470,2017,5,20,32202,  화학물질 및 화학제품 제조업; 의약품 제외 ,2008-09-18,,-11685.69,-31020.8,14251.88,1107.51,0.0,0.0,3975.73,140.0
(주)제낙스,65620,2012,4,24,32401,  1차 금속 제조업 ,2002-06-27,2021/08/09,1624.12,-4765.73,1893.97,2232.38,0.0,0.0,2255.4,60.0
(주)제낙스,65620,2013,4,24,32401,  1차 금속 제조업 ,2002-06-27,2021/08/09,-2906.07,-9281.01,2089.32,1879.34,0.0,0.0,2259.17,60.0
(주)제낙스,65620,2014,4,24,32401,  1차 금속 제조업 ,2002-06-27,2021/08/09,-1200.62,-8029.76,2083.13,1791.7,0.0,0.0,2350.88,41.0
(주)제낙스,65620,2015,4,24,32401,  1차 금속 제조업 ,2002-06-27,2021/08/09,2188.22,-2434.94,2142.02,1763.06,0.0,0.0,983.27,40.0
(주)제낙스,65620,2016,4,24,32401,  1차 금속 제조업 ,2002-06-27,2021/08/09,-1362.95,-5945.72,2269.37,1416.13,0.0,0.0,889.3,35.0
(주)제낙스,65620,2017,4,24,32401,  1차 금속 제조업 ,2002-06-27,2021/08/09,-1329.88,-5632.75,2327.85,1173.92,0.0,0.0,836.54,39.0
(주)제낙스,65620,2018,4,24,32401,  1차 금속 제조업 ,2002-06-27,2021/08/09,-3710.25,-9600.71,2365.35,1259.53,0.0,0.0,2245.44,37.0
(주)제이테크놀로지,35480,2012,4,91,32605,  스포츠 및 오락관련 서비스업 ,1999-11-18,2019/12/12,-2870.64,-10093.25,4037.37,1222.99,1073.01,0.0,889.25,60.0
(주)제이테크놀로지,35480,2013,4,91,32605,  스포츠 및 오락관련 서비스업 ,1999-11-18,2019/12/12,-603.54,-22408.36,12514.1,2002.46,3790.61,2045.11,1452.54,38.0
(주)제이테크놀로지,35480,2014,4,91,32605,  스포츠 및 오락관련 서비스업 ,1999-11-18,2019/12/12,15419.47,-8682.72,12389.38,2167.54,3824.83,4038.79,1734.02,24.0
(주)제이테크놀로지,35480,2017,4,91,189102,  스포츠 및 오락관련 서비스업 ,1999-11-18,2019/12/12,-3745.63,-20394.75,7730.09,2766.57,4233.85,643.04,1275.58,0.0
(주)지란지교시큐리티,208350,2017,5,58,105802,  출판업 ,2014-12-24,,22603.38,8484.64,12809.91,69.33,0.0,0.0,1239.49,133.0
(주)지란지교시큐리티,208350,2018,5,58,105802,  출판업 ,2014-12-24,,25219.07,1608.38,20165.81,-62.0,0.0,0.0,3540.13,121.0
(주)지란지교시큐리티,208350,2019,5,58,105802,  출판업 ,2014-12-24,,32935.22,3964.51,25111.82,-310.91,0.0,0.0,4169.81,128.0
(주)지란지교시큐리티,208350,2020,5,58,105802,  출판업 ,2014-12-24,,25881.91,-1799.8,23822.02,-67.61,0.0,0.0,4047.99,145.0
(주)지유온,111820,2017,4,63,106309,  정보서비스업 ,2010-06-18,2021/09/30,9086.74,919.45,4093.73,75.07,0.0,0.0,164.18,58.0
(주)카스,16920,2012,5,46,74605,  도매 및 상품 중개업 ,1990-01-04,,24287.14,444.1,20389.06,1513.76,0.0,188.02,1752.19,329.0
(주)카스,16920,2013,5,46,74605,  도매 및 상품 중개업 ,1990-01-04,,30320.11,647.83,25369.83,2144.65,0.0,458.8,1699.01,385.0
(주)케스피온,79190,2016,5,26,32604,"  전자부품, 컴퓨터, 영상, 음향 및 통신장비 제조업 ",2005-11-29,,24678.16,1333.44,13242.42,1955.57,0.0,0.0,8146.72,300.0
(주)케스피온,79190,2017,5,26,32604,"  전자부품, 컴퓨터, 영상, 음향 및 통신장비 제조업 ",2005-11-29,,19646.02,-3027.28,14631.88,1593.18,0.0,0.0,6448.24,245.0
(주)케이바이오컴퍼니,38530,2018,5,46,74604,  도매 및 상품 중개업 ,2000-06-09,,-1488.34,-4471.96,1307.33,1256.67,208.58,0.0,211.03,26.0
(주)케이에스인더스트리,101000,2017,5,29,32902,  기타 기계 및 장비 제조업 ,2009-11-06,,-2447.1,-21102.05,11153.32,3250.3,0.0,0.0,4261.64,125.0
(주)케이에스인더스트리,101000,2019,5,29,32902,  기타 기계 및 장비 제조업 ,2009-11-06,,-2974.14,-8034.66,2784.04,1174.8,0.0,0.0,1547.96,57.0
(주)케이엔씨글로벌,68150,2013,4,42,31309,  전문직별 공사업 ,2003-07-21,2017/03/07,2997.48,-4848.51,6017.94,1185.52,0.0,0.0,1049.48,45.0
(주)케이지모빌리언스,46440,2012,5,58,105802,  출판업 ,2004-12-14,,27639.71,19722.81,5570.41,756.59,457.92,71.69,1350.23,165.0
(주)케이지모빌리언스,46440,2013,5,58,105802,  출판업 ,2004-12-14,,19859.49,12244.21,7837.39,-1732.83,137.2,110.59,1345.97,127.0
(주)케이지이니시스,35600,2013,5,58,105802,  출판업 ,2002-11-22,,49356.23,30177.08,21072.42,-4703.87,0.0,0.0,2810.6,217.0
(주)케이지이니시스,35600,2014,5,58,105802,  출판업 ,2002-11-22,,61614.94,35829.55,22598.74,-914.04,0.0,0.0,4100.7,211.0
(주)케이지이니시스,35600,2015,5,58,105802,  출판업 ,2002-11-22,,48366.18,14692.28,27013.69,294.28,0.0,0.0,6365.94,213.0
(주)코디,80530,2015,5,20,32902,  화학물질 및 화학제품 제조업; 의약품 제외 ,2010-01-05,,3831.37,-3814.9,5106.24,899.49,0.0,0.0,1653.71,41.0
(주)코디,80530,2016,5,20,32902,  화학물질 및 화학제품 제조업; 의약품 제외 ,2010-01-05,,-22075.01,-26155.13,2151.1,1040.02,0.0,0.0,888.3,162.0
(주)크레버스,96240,2016,5,85,168505,  교육 서비스업 ,2008-06-27,,39169.03,-18707.66,32489.29,201.38,11310.55,1382.2,12493.26,605.0
(주)크레버스,96240,2017,5,85,168505,  교육 서비스업 ,2008-06-27,,65446.14,7959.84,32554.68,388.53,12864.26,1532.91,10145.93,520.0
(주)트레이스,52290,2016,4,26,32602,"  전자부품, 컴퓨터, 영상, 음향 및 통신장비 제조업 ",2001-05-31,2018/10/11,650.25,-6572.42,2433.14,1324.14,0.0,0.0,3553.61,23.0
(주)티피씨메카트로닉스,48770,2014,5,29,32901,  기타 기계 및 장비 제조업 ,2001-01-16,,25493.2,3014.5,17899.11,1064.05,991.82,677.81,1991.48,361.0
(주)티피씨메카트로닉스,48770,2015,5,29,32901,  기타 기계 및 장비 제조업 ,2001-01-16,,25287.99,1507.94,19009.49,1043.7,1043.74,800.74,2024.64,379.0
(주)티피씨메카트로닉스,48770,2016,5,29,32901,  기타 기계 및 장비 제조업 ,2001-01-16,,20749.56,-3372.06,19622.22,1207.9,634.49,814.33,1964.92,379.0
(주)파이오링크,170790,2013,5,26,32604,"  전자부품, 컴퓨터, 영상, 음향 및 통신장비 제조업 ",2013-08-02,,13600.79,4599.32,8614.45,-180.75,0.0,0.0,567.78,134.0
(주)파이오링크,170790,2014,5,26,32604,"  전자부품, 컴퓨터, 영상, 음향 및 통신장비 제조업 ",2013-08-02,,11903.67,2072.05,9401.35,-312.58,0.0,0.0,742.85,139.0
(주)퓨처코어,151910,2015,6,26,32703,"  전자부품, 컴퓨터, 영상, 음향 및 통신장비 제조업 ",2012-08-02,,22988.18,-15615.0,23660.0,2230.19,0.0,0.0,15643.53,449.0
(주)퓨처코어,151910,2018,6,26,32602,"  전자부품, 컴퓨터, 영상, 음향 및 통신장비 제조업 ",2012-08-02,,9763.87,-13300.24,15026.4,4099.8,0.0,0.0,4006.35,182.0
(주)퓨처코어,151910,2019,6,26,32602,"  전자부품, 컴퓨터, 영상, 음향 및 통신장비 제조업 ",2012-08-02,,5424.24,-16287.73,15351.47,2650.8,0.0,0.0,4022.5,160.0
(주)퓨처코어,151910,2020,6,26,32602,"  전자부품, 컴퓨터, 영상, 음향 및 통신장비 제조업 ",2012-08-02,,16527.51,-1769.44,11556.63,1362.45,0.0,0.0,5807.48,89.0
(주)퓨처코어,151910,2021,6,26,32602,"  전자부품, 컴퓨터, 영상, 음향 및 통신장비 제조업 ",2012-08-02,,-7078.23,-27210.12,10543.43,4079.45,0.0,0.0,5808.01,88.0
(주)프로텍,53610,2013,5,29,32902,  기타 기계 및 장비 제조업 ,2001-08-17,,21699.89,8739.73,11985.49,-37.83,0.0,0.0,1012.49,188.0
(주)프로텍,53610,2014,5,29,32902,  기타 기계 및 장비 제조업 ,2001-08-17,,32989.12,18400.29,13709.28,-136.01,0.0,0.0,1018.9,208.0
(주)프로텍,53610,2015,5,29,32902,  기타 기계 및 장비 제조업 ,2001-08-17,,28094.99,13092.29,13252.68,576.04,0.0,0.0,1177.99,225.0
(주)프로텍,53610,2016,5,29,32902,  기타 기계 및 장비 제조업 ,2001-08-17,,32648.37,16229.8,14052.21,251.3,0.0,0.0,2115.06,224.0
(주)프로텍,53610,2017,5,29,32902,  기타 기계 및 장비 제조업 ,2001-08-17,,52811.47,32389.45,18127.27,46.35,0.0,0.0,2248.39,249.0
(주)프로텍,53610,2018,5,29,32902,  기타 기계 및 장비 제조업 ,2001-08-17,,57529.37,33355.99,22034.48,-172.49,0.0,0.0,2311.39,272.0
(주)프로텍,53610,2019,5,29,32902,  기타 기계 및 장비 제조업 ,2001-08-17,,77413.14,48888.64,26922.33,-786.27,0.0,0.0,2388.45,284.0
(주)행남사,8800,2016,4,10,32302,  식료품 제조업 ,1993-09-03,2021/06/07,-19326.17,-24490.77,3829.59,977.26,0.0,0.0,429.73,89.0
(주)헥토이노베이션,214180,2016,5,63,106309,  정보서비스업 ,2015-06-30,,20481.63,13909.23,4890.34,-424.76,368.23,116.59,1622.0,72.0
(주)화신테크,86250,2016,4,29,32902,  기타 기계 및 장비 제조업 ,2006-11-10,2021/08/31,2875.28,-13857.83,11745.92,1047.73,0.0,0.0,3939.46,114.0
(주)화신테크,86250,2017,4,29,32902,  기타 기계 및 장비 제조업 ,2006-11-10,2021/08/31,10393.16,-896.86,7944.44,1389.76,0.0,0.0,2321.85,126.0
나노캠텍(주),91970,2018,5,22,32202,  고무 및 플라스틱제품 제조업 ,2007-01-30,,14824.33,6715.82,5083.24,542.03,420.49,297.91,1783.32,56.0
대한그린파워(주),60900,2012,5,35,64202,"  전기, 가스, 증기 및 공기조절 공급업 ",2002-09-17,,10753.18,-5132.79,14732.81,964.15,0.0,0.0,172.83,28.0
대한그린파워(주),60900,2013,5,35,64202,"  전기, 가스, 증기 및 공기조절 공급업 ",2002-09-17,,59879.38,-16569.91,72290.07,2799.44,0.0,0.0,1367.16,40.0
더라미(주),32860,2016,6,38,53803,"  폐기물 수집, 운반, 처리 및 원료 재생업 ",1997-07-04,,-1706.03,-3917.0,1191.48,683.44,240.62,0.0,95.43,16.0
도이치모터스(주),67990,2016,5,45,32902,  자동차 및 부품 판매업 ,2004-12-03,,54353.58,-2551.9,35340.33,3164.76,12145.38,1454.48,6162.87,728.0
디에스티(주),33430,2014,4,29,74607,  기타 기계 및 장비 제조업 ,1998-05-25,2021/09/02,-17228.22,-19941.16,894.64,1451.56,140.69,0.0,226.04,17.0
디에스티(주),33430,2015,4,29,74607,  기타 기계 및 장비 제조업 ,1998-05-25,2021/09/02,-18268.7,-22288.92,1560.75,2066.39,138.61,0.0,254.47,10.0
씨앤티85(주),56730,2015,5,41,32605,  종합 건설업 ,2002-01-04,,72.79,-2335.7,996.12,925.61,0.0,0.0,486.76,16.0
알서포트(주),131370,2015,5,58,105802,  출판업 ,2011-01-05,,12048.73,-2136.77,12156.31,-536.06,1940.73,0.0,624.51,225.0
알서포트(주),131370,2016,5,58,105802,  출판업 ,2011-01-05,,14586.23,127.59,12075.23,-322.49,2138.31,0.0,567.58,226.0
애머릿지코퍼레이션,900100,2018,5,45,74502,  자동차 및 부품 판매업 ,2010-04-21,,-9536.75,-16266.75,3392.19,1900.42,1224.38,0.0,214.63,7.0
에스에이치엔엘(주),50320,2017,4,25,74605,  금속가공제품 제조업; 기계 및 가구 제외 ,2002-01-15,2022/05/31,-2578.63,-5414.95,2403.91,-10.67,311.62,91.28,40.19,97.0
에스에이치엔엘(주),50320,2018,4,25,74605,  금속가공제품 제조업; 기계 및 가구 제외 ,2002-01-15,2022/05/31,2189.87,-207.44,2065.07,-37.05,213.71,75.12,80.46,26.0
에스유홀딩스(주),31860,2013,5,46,74608,  도매 및 상품 중개업 ,1997-01-07,,-51.46,-2789.73,1782.19,569.48,272.94,0.0,86.87,36.0
에스유홀딩스(주),31860,2014,5,46,74608,  도매 및 상품 중개업 ,1997-01-07,,4060.9,1696.14,1762.01,485.15,0.0,0.0,117.61,35.0
에스유홀딩스(주),31860,2017,5,46,74608,  도매 및 상품 중개업 ,1997-01-07,,-437.97,-8150.59,4894.14,1069.62,1184.75,0.0,351.38,27.0
에스유홀딩스(주),31860,2018,5,46,74608,  도매 및 상품 중개업 ,1997-01-07,,-158.51,-4486.88,2737.95,825.39,453.02,0.0,352.75,8.0
에코바이오홀딩스(주),38870,2015,5,74,64202,  사업시설 관리 및 조경 서비스업 ,2001-05-29,,20795.79,11889.75,5826.59,1530.34,421.3,0.0,1127.8,112.0
에코바이오홀딩스(주),38870,2016,5,74,64202,  사업시설 관리 및 조경 서비스업 ,2001-05-29,,-2490.31,-9886.54,5102.84,829.03,390.63,0.0,1073.75,95.0
에코바이오홀딩스(주),38870,2017,5,74,64202,  사업시설 관리 및 조경 서비스업 ,2001-05-29,,-14879.46,-22679.4,5355.87,1195.74,381.5,0.0,861.96,114.0
유네코(주),64510,2018,4,29,32902,  기타 기계 및 장비 제조업 ,2018-03-15,2023/01/17,-29491.43,-40885.98,5494.31,2601.87,309.68,0.0,2988.69,118.0
유네코(주),64510,2019,4,29,32902,  기타 기계 및 장비 제조업 ,2018-03-15,2023/01/17,4875.39,-5463.54,4951.04,3121.96,0.0,0.0,2266.47,84.0
유진기업(주),23410,2014,5,23,32303,  비금속 광물제품 제조업 ,1994-10-07,,100794.34,-3387.01,59624.8,15682.58,10419.95,5240.4,13213.63,591.0
유진기업(주),23410,2015,5,23,32303,  비금속 광물제품 제조업 ,1994-10-07,,141492.53,19591.15,72225.64,19713.77,11781.22,4449.11,13731.64,610.0
이니텍(주),53350,2015,5,58,105802,  출판업 ,2001-11-15,,73348.05,26833.85,27478.78,323.79,1339.2,216.56,17155.88,276.0
이엘케이(주),94190,2015,4,26,32602,"  전자부품, 컴퓨터, 영상, 음향 및 통신장비 제조업 ",2007-10-29,2020/05/22,20825.46,-31093.1,29118.44,6309.52,0.0,0.0,16490.6,401.0
이엘케이(주),94190,2016,4,26,32602,"  전자부품, 컴퓨터, 영상, 음향 및 통신장비 제조업 ",2007-10-29,2020/05/22,-11043.13,-65609.41,33224.07,5778.32,0.0,0.0,15563.9,338.0
참존글로벌(주),158310,2018,4,29,32902,  기타 기계 및 장비 제조업 ,2013-04-03,2022/11/09,-6097.35,-10297.53,3037.37,846.49,0.0,0.0,316.32,19.0
퀀타피아(주),78940,2018,6,46,74604,  도매 및 상품 중개업 ,2004-08-27,,-7757.46,-14074.99,3154.14,1364.41,119.33,221.42,1458.23,17.0
한솔아이원스(주),114810,2019,5,29,32902,  기타 기계 및 장비 제조업 ,2013-02-07,,39317.67,-2987.27,30291.89,3425.26,0.0,0.0,8607.6,538.0
한솔아이원스(주),114810,2020,5,29,32902,  기타 기계 및 장비 제조업 ,2013-02-07,,45069.88,6268.86,28696.72,2408.62,0.0,0.0,7715.5,539.0
한솔아이원스(주),114810,2021,5,29,32902,  기타 기계 및 장비 제조업 ,2013-02-07,,78804.04,38392.03,31674.81,801.5,0.0,0.0,7955.52,551.0
(주)대호에이엘,69460,2014,1,24,32402,  1차 금속 제조업 ,2002-11-11,,4143.63,-12637.4,10784.07,2258.07,0.0,0.0,3738.89,173.0
(주)신화다이나믹스,1770,2012,1,24,32401,  1차 금속 제조업 ,1988-11-23,,7458.39,705.85,4256.85,1459.41,4.12,0.0,1032.16,85.0
(주)신화다이나믹스,1770,2013,1,24,32401,  1차 금속 제조업 ,1988-11-23,,4073.81,-2557.15,4235.43,1374.42,4.6,0.0,1016.51,85.0
(주)신화다이나믹스,1770,2014,1,24,32401,  1차 금속 제조업 ,1988-11-23,,7172.64,984.39,4123.17,1085.52,4.04,0.0,975.52,84.0
(주)신화다이나믹스,1770,2015,1,24,32401,  1차 금속 제조업 ,1988-11-23,,8350.79,2518.43,4196.77,766.81,2.67,0.0,866.12,85.0
(주)신화다이나믹스,1770,2016,1,24,32401,  1차 금속 제조업 ,1988-11-23,,6723.81,799.37,4769.82,600.42,2.7,0.0,551.5,83.0
(주)신화다이나믹스,1770,2017,1,24,32401,  1차 금속 제조업 ,1988-11-23,,3168.29,-2644.52,4641.45,565.87,2.84,0.0,602.65,83.0
(주)신화다이나믹스,1770,2018,1,24,32401,  1차 금속 제조업 ,1988-11-23,,9120.72,3110.91,4855.25,532.81,3.2,0.0,618.54,77.0
백광산업(주),1340,2015,1,20,32001,  화학물질 및 화학제품 제조업; 의약품 제외 ,1976-06-10,,24533.93,-1990.2,11122.36,3179.3,955.06,0.0,19990.25,120.0
백광산업(주),1340,2016,1,20,32001,  화학물질 및 화학제품 제조업; 의약품 제외 ,1976-06-10,,30471.82,2207.02,9646.44,4878.02,1419.45,0.0,12322.0,123.0
백광산업(주),1340,2017,1,20,32001,  화학물질 및 화학제품 제조업; 의약품 제외 ,1976-06-10,,33929.47,6477.57,10529.47,3880.2,1294.75,0.0,11747.47,125.0
백광산업(주),1340,2018,1,20,32001,  화학물질 및 화학제품 제조업; 의약품 제외 ,1976-06-10,,53688.63,23242.83,13870.26,3232.28,1318.73,0.0,12024.52,140.0
삼성바이오로직스(주),207940,2016,1,21,32101,  의료용 물질 및 의약품 제조업 ,2016-11-10,,-44876.79,-230900.98,110259.58,15614.72,0.0,0.0,60149.89,1532.0
삼성바이오로직스(주),207940,2017,1,21,32101,  의료용 물질 및 의약품 제조업 ,2016-11-10,,98355.35,-115994.75,148689.76,-4265.89,0.0,0.0,69926.23,2119.0
코스모신소재(주),5070,2012,1,20,32004,  화학물질 및 화학제품 제조업; 의약품 제외 ,1987-09-28,,12013.38,-14947.18,15032.84,5320.24,0.0,0.0,6615.84,363.0
코스모신소재(주),5070,2013,1,20,32004,  화학물질 및 화학제품 제조업; 의약품 제외 ,1987-09-28,,18635.99,-8641.11,20193.52,0.0,0.0,0.0,7136.49,360.0
코스모신소재(주),5070,2014,1,20,32004,  화학물질 및 화학제품 제조업; 의약품 제외 ,1987-09-28,,12501.85,-23318.69,18600.66,8669.88,0.0,0.0,8549.99,340.0
코스모화학(주),5420,2012,1,20,32004,  화학물질 및 화학제품 제조업; 의약품 제외 ,1987-07-23,,27186.81,-17648.89,16803.14,9845.62,0.0,0.0,18188.13,347.0
한국전력기술(주),52690,2015,1,72,137201,"  건축기술, 엔지니어링 및 기타 과학기술 서비스업 ",2009-12-14,,194277.75,15356.38,156725.53,-1818.73,11297.88,1616.62,15383.26,2260.0
한국전력기술(주),52690,2016,1,72,137201,"  건축기술, 엔지니어링 및 기타 과학기술 서비스업 ",2009-12-14,,218991.24,29754.57,166707.97,-791.75,4665.42,1760.03,19639.25,2329.0
한국전력기술(주),52690,2017,1,72,137201,"  건축기술, 엔지니어링 및 기타 과학기술 서비스업 ",2009-12-14,,234825.53,47985.47,164963.64,-1475.01,4976.41,1790.43,19683.86,2233.0
한솔아트원제지(주),7190,2012,4,17,31701,"  펄프, 종이 및 종이제품 제조업 ",1974-06-24,2017/03/15,58292.25,259.25,22155.0,17069.0,0.0,0.0,18809.11,380.0
한솔아트원제지(주),7190,2013,4,17,31701,"  펄프, 종이 및 종이제품 제조업 ",1974-06-24,2017/03/15,56300.11,277.94,21882.0,14373.17,0.0,0.0,19766.69,363.0
(주)광무,29480,2014,5,26,32604,"  전자부품, 컴퓨터, 영상, 음향 및 통신장비 제조업 ",1996-08-27,,7685.26,-859.72,5695.3,1063.09,344.28,0.0,1442.31,109.0
(주)광무,29480,2015,5,26,32604,"  전자부품, 컴퓨터, 영상, 음향 및 통신장비 제조업 ",1996-08-27,,4969.66,-2727.75,6004.5,565.36,313.37,0.0,814.18,106.0
(주)광무,29480,2016,5,26,32604,"  전자부품, 컴퓨터, 영상, 음향 및 통신장비 제조업 ",1996-08-27,,7028.95,95.62,5328.99,587.15,427.84,0.0,589.35,110.0
(주)뉴보텍,60260,2014,5,22,32202,  고무 및 플라스틱제품 제조업 ,2002-02-05,,5672.14,-341.77,4696.64,157.23,0.0,0.0,1160.03,98.0
(주)뉴보텍,60260,2015,5,22,32202,  고무 및 플라스틱제품 제조업 ,2002-02-05,,7173.94,1064.22,5056.71,100.83,0.0,0.0,952.18,97.0
(주)뉴보텍,60260,2016,5,22,32202,  고무 및 플라스틱제품 제조업 ,2002-02-05,,7699.84,1023.21,5702.93,61.92,0.0,0.0,911.79,104.0
(주)뉴보텍,60260,2017,5,22,32202,  고무 및 플라스틱제품 제조업 ,2002-02-05,,6659.8,-1068.15,6608.86,128.84,0.0,0.0,990.25,124.0
(주)뉴보텍,60260,2018,5,22,32202,  고무 및 플라스틱제품 제조업 ,2002-02-05,,7580.09,72.92,6536.56,129.1,0.0,0.0,886.53,109.0
(주)디지털대성,68930,2014,5,85,168505,  교육 서비스업 ,2003-10-17,,19348.67,6533.8,10608.22,-1077.54,0.0,0.0,3284.18,225.0
(주)메지온,140410,2014,5,70,137001,  연구개발업 ,2012-01-20,,-1944.26,-3330.97,2614.07,-1538.12,232.64,0.0,150.94,19.0
(주)삼일,32280,2014,5,49,84903,  육상운송 및 파이프라인 운송업 ,1997-03-15,,19372.13,3226.61,9506.26,2152.6,1856.03,1090.35,1540.29,137.0
(주)삼일,32280,2015,5,49,84903,  육상운송 및 파이프라인 운송업 ,1997-03-15,,42954.52,26725.8,11011.42,896.27,1943.06,826.44,1551.53,131.0
(주)상보,27580,2012,5,22,32602,  고무 및 플라스틱제품 제조업 ,2007-10-01,,43984.86,11234.74,14674.11,9469.52,127.14,655.18,7824.16,321.0
(주)상보,27580,2013,5,22,32602,  고무 및 플라스틱제품 제조업 ,2007-10-01,,35260.95,7781.32,17176.34,2089.26,66.96,828.3,7318.77,395.0
(주)서울제약,18680,2016,5,21,32102,  의료용 물질 및 의약품 제조업 ,2000-08-18,,14720.03,-4815.6,14485.75,2067.01,0.0,0.0,2982.86,200.0
(주)서울제약,18680,2017,5,21,32102,  의료용 물질 및 의약품 제조업 ,2000-08-18,,7374.07,-11086.85,14085.17,1764.15,0.0,0.0,2536.59,209.0
(주)서울제약,18680,2018,5,21,32102,  의료용 물질 및 의약품 제조업 ,2000-08-18,,10019.16,-8101.87,14511.81,1355.73,0.0,0.0,2253.49,197.0
(주)서울제약,18680,2019,5,21,32102,  의료용 물질 및 의약품 제조업 ,2000-08-18,,16361.06,387.57,12167.46,1308.35,0.0,0.0,2497.69,174.0
(주)시큐브,131090,2015,5,58,105802,  출판업 ,2011-12-21,,6822.28,1370.93,4873.57,-174.95,0.0,0.0,752.73,96.0
(주)씨젠,96530,2012,5,21,32004,  의료용 물질 및 의약품 제조업 ,2010-09-10,,22477.1,10430.86,9745.89,322.21,0.0,0.0,2394.16,182.0
(주)씨젠,96530,2013,5,21,32004,  의료용 물질 및 의약품 제조업 ,2010-09-10,,26885.91,11988.76,11680.63,561.05,0.0,0.0,3233.21,178.0
(주)에스에스알,275630,2018,5,58,105802,  출판업 ,2018-08-06,,6155.69,886.0,4619.97,-43.93,0.0,0.0,693.64,101.0
(주)에스에스알,275630,2019,5,58,105802,  출판업 ,2018-08-06,,6598.12,776.71,5190.48,-227.1,0.0,0.0,858.04,107.0
(주)와이어블,65530,2012,5,61,106102,  우편 및 통신업 ,2002-06-04,,45833.16,11686.9,6915.76,3411.04,7242.76,149.25,16290.01,158.0
(주)와이어블,65530,2013,5,61,106102,  우편 및 통신업 ,2002-06-04,,47151.12,9186.4,6681.2,3354.93,9206.76,150.44,18577.17,148.0
(주)와이어블,65530,2014,5,61,106102,  우편 및 통신업 ,2002-06-04,,60059.35,18405.52,6821.41,3323.84,9897.02,170.26,21441.3,174.0
(주)와이어블,65530,2015,5,61,106102,  우편 및 통신업 ,2002-06-04,,54661.05,10464.2,6423.97,2504.56,11395.61,168.66,23704.06,166.0
(주)와이어블,65530,2016,5,61,106102,  우편 및 통신업 ,2002-06-04,,43781.44,8970.05,7373.56,1667.64,3238.03,167.74,22444.57,159.0
(주)제이테크놀로지,35480,2015,4,91,189102,  스포츠 및 오락관련 서비스업 ,1999-11-18,2019/12/12,23668.97,-365.31,14371.71,-328.69,4995.82,3447.78,1547.66,271.0
(주)제이테크놀로지,35480,2016,4,91,189102,  스포츠 및 오락관련 서비스업 ,1999-11-18,2019/12/12,3532.4,-21313.24,14846.2,706.12,4513.61,2490.43,2289.27,199.0
(주)케이바이오컴퍼니,38530,2016,5,46,32604,  도매 및 상품 중개업 ,2000-06-09,,-19661.53,-23433.5,1853.8,477.81,517.8,0.0,1204.38,96.0
(주)케이바이오컴퍼니,38530,2017,5,46,74604,  도매 및 상품 중개업 ,2000-06-09,,1313.87,-963.05,564.04,1477.36,125.12,0.0,110.4,30.0
(주)케이바이오컴퍼니,38530,2019,5,46,74604,  도매 및 상품 중개업 ,2000-06-09,,-25252.68,-31437.5,2332.67,2983.23,351.94,0.0,516.99,56.0
(주)케이에스인더스트리,101000,2018,5,29,32902,  기타 기계 및 장비 제조업 ,2009-11-06,,-110823.31,-121878.42,6690.64,1931.88,0.0,0.0,1869.15,87.0
(주)케이지모빌리언스,46440,2014,5,58,105802,  출판업 ,2004-12-14,,31020.64,19876.73,7348.01,1976.67,137.03,141.5,1633.27,152.0
(주)케이지모빌리언스,46440,2015,5,58,105802,  출판업 ,2004-12-14,,20377.24,10809.2,6712.72,399.02,141.18,164.84,2242.85,136.0
(주)케이지이니시스,35600,2012,5,58,105802,  출판업 ,2002-11-22,,36324.31,28843.4,11666.88,-5188.97,0.0,0.0,1003.01,194.0
(주)타이거일렉,219130,2018,5,26,32602,"  전자부품, 컴퓨터, 영상, 음향 및 통신장비 제조업 ",2015-09-25,,14927.75,2656.63,9648.05,-99.59,191.41,0.0,2531.26,180.0
(주)타이거일렉,219130,2019,5,26,32602,"  전자부품, 컴퓨터, 영상, 음향 및 통신장비 제조업 ",2015-09-25,,14659.65,1665.0,9832.72,-77.99,134.62,0.0,3104.57,180.0
(주)티에스넥스젠,43220,2012,5,29,32604,  기타 기계 및 장비 제조업 ,2001-07-03,,-4048.51,-7166.99,946.43,196.35,0.0,0.0,2000.1,13.0
(주)티에스넥스젠,43220,2013,5,29,32604,  기타 기계 및 장비 제조업 ,2001-07-03,,818.52,-1600.63,1405.6,849.86,0.0,0.0,163.69,12.0
(주)한진피앤씨,61460,2012,4,22,32202,  고무 및 플라스틱제품 제조업 ,2002-04-11,2017/09/29,9739.45,-12467.78,12162.77,4067.51,0.0,733.39,4998.8,292.0
(주)한진피앤씨,61460,2013,4,22,32202,  고무 및 플라스틱제품 제조업 ,2002-04-11,2017/09/29,-38817.93,-63326.26,13780.89,5067.48,0.0,653.11,5006.86,284.0
경남제약(주),53950,2012,5,21,32102,  의료용 물질 및 의약품 제조업 ,2001-11-06,,12852.22,-651.67,9161.9,3455.48,0.0,0.0,886.51,243.0
경남제약(주),53950,2013,5,21,32102,  의료용 물질 및 의약품 제조업 ,2001-11-06,,-7931.05,-20510.48,9217.88,2636.54,0.0,0.0,725.0,229.0
대한그린파워(주),60900,2014,5,35,64202,"  전기, 가스, 증기 및 공기조절 공급업 ",2002-09-17,,-42578.15,-47941.03,2684.69,2453.33,0.0,0.0,224.85,38.0
대한그린파워(주),60900,2015,5,35,64202,"  전기, 가스, 증기 및 공기조절 공급업 ",2002-09-17,,-4531.64,-7174.19,1266.96,853.31,0.0,0.0,522.29,23.0
더라미(주),32860,2012,6,38,53803,"  폐기물 수집, 운반, 처리 및 원료 재생업 ",1997-07-04,,-2817.09,-12842.1,3088.67,4916.75,880.58,0.0,1236.81,49.0
더라미(주),32860,2013,6,38,53803,"  폐기물 수집, 운반, 처리 및 원료 재생업 ",1997-07-04,,-18431.86,-28785.39,2226.54,5500.54,992.69,0.0,1848.71,25.0
더라미(주),32860,2014,6,38,53803,"  폐기물 수집, 운반, 처리 및 원료 재생업 ",1997-07-04,,-23688.96,-31850.81,1275.3,4760.19,490.54,0.0,1911.75,18.0
더라미(주),32860,2015,6,38,53803,"  폐기물 수집, 운반, 처리 및 원료 재생업 ",1997-07-04,,6017.92,2311.41,1056.08,1012.52,200.67,0.0,1437.23,22.0
디에스티(주),33430,2012,4,29,32902,  기타 기계 및 장비 제조업 ,1998-05-25,2021/09/02,-3892.32,-6477.43,736.16,1156.33,215.07,0.0,477.56,9.0
삼영이엔씨(주),65570,2012,5,26,32604,"  전자부품, 컴퓨터, 영상, 음향 및 통신장비 제조업 ",2003-01-21,,17430.48,8570.79,6450.84,243.62,0.0,0.0,2165.23,292.0
삼영이엔씨(주),65570,2013,5,26,32604,"  전자부품, 컴퓨터, 영상, 음향 및 통신장비 제조업 ",2003-01-21,,17651.02,8605.69,6694.56,103.9,0.0,0.0,2246.87,270.0
삼영이엔씨(주),65570,2014,5,26,32604,"  전자부품, 컴퓨터, 영상, 음향 및 통신장비 제조업 ",2003-01-21,,18501.65,8614.45,7492.5,55.32,0.0,0.0,2339.39,281.0
삼영이엔씨(주),65570,2015,5,26,32604,"  전자부품, 컴퓨터, 영상, 음향 및 통신장비 제조업 ",2003-01-21,,15733.33,5926.46,7339.74,124.4,0.0,0.0,2342.74,265.0
삼영이엔씨(주),65570,2016,5,26,32604,"  전자부품, 컴퓨터, 영상, 음향 및 통신장비 제조업 ",2003-01-21,,18387.65,8807.58,7190.98,2.74,0.0,0.0,2386.34,257.0
씨앤티85(주),56730,2016,5,41,32605,  종합 건설업 ,2002-01-04,,-4973.67,-7876.36,1115.37,1351.01,0.0,0.0,440.62,20.0
우양에이치씨(주),101970,2012,4,25,32501,  금속가공제품 제조업; 기계 및 가구 제외 ,2012-07-26,2015/03/17,44189.46,7726.7,19873.14,7788.51,2675.69,0.0,6125.41,334.0
우양에이치씨(주),101970,2013,4,25,32501,  금속가공제품 제조업; 기계 및 가구 제외 ,2012-07-26,2015/03/17,55243.66,15064.91,24403.87,6051.86,2138.21,0.0,7584.81,345.0
한솔아이원스(주),114810,2013,5,29,32902,  기타 기계 및 장비 제조업 ,2013-02-07,,24819.93,8148.15,10365.89,1075.95,0.0,0.0,5229.94,279.0
한솔아이원스(주),114810,2014,5,29,32902,  기타 기계 및 장비 제조업 ,2013-02-07,,25064.38,6517.48,11519.18,1153.62,0.0,0.0,5874.1,311.0
한솔아이원스(주),114810,2015,5,29,32902,  기타 기계 및 장비 제조업 ,2013-02-07,,23412.85,4117.49,14032.58,986.84,0.0,0.0,4275.95,363.0
한솔아이원스(주),114810,2016,5,29,32902,  기타 기계 및 장비 제조업 ,2013-02-07,,12284.33,-16726.64,18489.82,3567.48,0.0,0.0,6968.28,393.0
한솔아이원스(주),114810,2017,5,29,32902,  기타 기계 및 장비 제조업 ,2013-02-07,,31894.3,-79.97,19022.41,5048.1,0.0,0.0,7923.59,519.0
한솔아이원스(주),114810,2018,5,29,32902,  기타 기계 및 장비 제조업 ,2013-02-07,,36245.79,-678.2,24417.4,3831.05,0.0,0.0,8695.36,608.0
