회사명,거래소코드,회계년도,소속코드,통계청 한국표준산업분류 코드 10차(대분류),산업코드,산업명,상장일,상장폐지일,총자본증가율(IFRS),유형자산증가율(IFRS),비유동생물자산증가율(IFRS),투자부동산증가율(IFRS),비유동자산증가율(IFRS),유동자산증가율(IFRS),재고자산증가율(IFRS),자기자본증가율(IFRS),매출액증가율(IFRS),정상영업이익증가율(IFRS),순이익증가율(IFRS),총포괄이익증가율(IFRS),종업원1인당 부가가치증가율(IFRS),종업원수증가율(IFRS),종업원1인당 매출액증가율(IFRS),종업원1인당 인건비증가율(IFRS),매출액총이익률(IFRS),매출액정상영업이익률(IFRS),매출액순이익률(IFRS),총자본사업이익률(IFRS),총자본정상영업이익률(IFRS),총자본순이익률(IFRS),자기자본정상영업이익률(IFRS),자기자본순이익률(IFRS),경영자본정상영업이익률(IFRS),경영자본순이익률(IFRS),자본금정상영업이익률(IFRS),자본금순이익률(IFRS),매출원가 대 매출액비율(IFRS),영업비용 대 영업수익비율(IFRS),기타손익비률(IFRS),금융손익비율(IFRS),금융비용부담률(IFRS),외환이익 대 매출액비율(IFRS),광고선전비 대 매출액비율(IFRS),세금과공과 대 세금과공과 차감전순이익률(IFRS),기업순이익률(IFRS),수지비율(관계기업투자손익 제외)(IFRS),인건비 대 총비용비율(IFRS),R & D 투자효율(IFRS),세금과공과 대 총비용비율(IFRS),금융비용 대 총비용비율(IFRS),감가상각비 대 총비용비율(IFRS),감가상각률(IFRS),누적감가상각률(IFRS),이자부담률(IFRS),지급이자율(IFRS),차입금평균이자율(IFRS),유보율(IFRS),사내유보율(IFRS),사내유보 대 자기자본비율(IFRS),적립금비율(재정비율)(IFRS),평균배당률(IFRS),자기자본배당률(IFRS),배당성향(IFRS),1주당매출액(IFRS)(원),1주당순이익(IFRS)(원),1주당 CASH FLOW(IFRS)(원),1주당순자산(IFRS)(원),1주당정상영업이익(IFRS)(원),유동자산구성비율(IFRS),재고자산 대 유동자산비율(IFRS),유동자산 대 비유동자산비율(IFRS),당좌자산구성비율(IFRS),비유동자산구성비율(IFRS),자기자본구성비율(IFRS),타인자본구성비율(IFRS),자기자본배율(IFRS),비유동비율(IFRS),비유동장기적합률(IFRS),유동비율(IFRS),당좌비율(IFRS),현금비율(IFRS),매출채권비율(IFRS),재고자산 대 순운전자본비율(IFRS),매출채권 대 매입채무비율(IFRS),매출채권 대 상,매입채무 대 재고자산비율(IFRS),부채비율(IFRS),유동부채비율(IFRS),단기차입금 대 총차입금비율(IFRS),비유동부채비율(IFRS),비유동부채 대 순운전자본비율(IFRS),순운전자본비율(IFRS),차입금의존도(IFRS),차입금비율(IFRS),이자보상배율(이자비용)(IFRS),이자보상배율(순금융비용)(IFRS),유보액대비율(IFRS),유보액 대 납입자본배율(IFRS),유동자산집중도(IFRS),비유동자산집중도(IFRS),투자집중도(IFRS),CASH FLOW 대 부채비율(IFRS),CASH FLOW 대 차입금비율(IFRS),CASH FLOW 대 총자본비율(IFRS),CASH FLOW 대 매출액비율(IFRS),정상영업이익대비이자보상배율(IFRS),총자본회전률(IFRS),경영자본회전률(IFRS),자기자본회전률(IFRS),자본금회전률(IFRS),타인자본회전률(IFRS),매입채무회전률(IFRS),매입채무회전기간(IFRS),유동자산회전률(IFRS),당좌자산회전률(IFRS),재고자산회전률(IFRS),재고자산회전기간(IFRS),상품,원,재공품회전률(IFRS),매출채권회전률(IFRS),매출채권회전기간(IFRS),비유동자산회전률(IFRS),유형자산회전율(IFRS),순운전자본회전률(IFRS),운전자본회전률(IFRS),1회전기간(IFRS),부가가치(IFRS)(백만원),종업원1인당 부가가치(IFRS)(백만원),종업원1인당 매출액(IFRS)(백만원),종업원1인당 정상영업이익(IFRS)(백만원),종업원1인당 순이익(IFRS)(백만원),종업원1인당 인건비(IFRS)(백만원),노동장비율(IFRS),기계장비율(IFRS),자본집약도(IFRS),총자본투자효율(IFRS),설비투자효율(IFRS),기계투자효율(IFRS),부가가치율(IFRS),노동소득분배율(IFRS),자본분배율(IFRS),이윤분배율(IFRS),부가가치(IFRS)(백만원).1,법인세비용차감전(계속사업)손익(IFRS)(백만원),인건비(IFRS)(백만원),금융비용(IFRS)(백만원),임차료(IFRS)(백만원),세금과공과(IFRS)(백만원),감가상각비(IFRS)(백만원),종업원1인당 부가가치(IFRS)(백만원).1,총자본투자효율(IFRS).1,기계투자효율(IFRS).1,부가가치율(IFRS).1,종업원수(IFRS),"매출채권 대 상,제품비율(IFRS)","상품,제품회전률(IFRS)","원,부재료회전률(IFRS)",label
(주)대호에이엘,69460,2014,1,24,32402,  1차 금속 제조업 ,2002-11-11,,-0.9,9.21,0.0,0.0,-54.7,100.76,3.56,-44.12,5.06,0.0,0.0,0.0,-72.0,-1.14,6.27,11.36,2.86,-0.81,-10.08,-0.89,-0.97,-11.99,-3.01,-37.23,-1.22,-15.09,-7.91,-97.88,97.14,100.81,-8.78,-1.71,1.71,-0.58,0.0,0.0,-9.95,109.47,7.38,0.48,0.0,1.55,2.56,15.4,90.07,3.01,3.12,3.58,95.46,0.0,-32.63,-10.66,0.0,0.0,0.0,4854.4,-494.0,-50.41,931.8,-39.53,70.11,24.53,234.55,52.91,29.89,23.18,76.82,188.46,128.93,72.4,119.4,90.11,32.12,62.15,150.98,990.09,490.59,6.28,331.34,253.27,81.51,78.07,158.88,11.39,67.95,293.11,-0.46,-4.6,11.74,0.95,43.97,40.14,82.62,5.33,6.03,4.1,3.43,-0.48,1.19,1.5,3.69,9.71,1.75,66.5,5.49,2.27,3.35,7.07,51.66,48.24,96.38,11.1,10.43,35.0,2.49,4.42,1.12,0.0,0.01,4143.63,23.95,761.41,-6.2,-76.76,62.34,179.52,75.31,637.52,3.76,13.34,31.8,3.15,260.26,-160.26,-320.48,4143.63,-12637.4,10784.07,2258.07,0.0,0.0,3738.89,23.95,3.76,31.8,3.15,173.0,,,,1
(주)신화다이나믹스,1770,2012,1,24,32401,  1차 금속 제조업 ,1988-11-23,,2.69,-4.93,0.0,-1.13,-3.9,5.08,10.29,0.86,-2.32,-10.04,-29.32,4.61,-17.93,0.0,-2.32,4.2,8.29,3.73,0.62,3.85,3.77,0.62,8.71,1.44,3.96,0.66,57.17,9.46,91.71,96.27,-2.97,-2.67,1.57,-1.1,0.0,18.59,2.21,99.25,4.57,0.0,0.0,1.57,1.11,9.1,104.41,2.79,4.05,4.1,559.52,0.0,2.0,84.84,6.0,0.91,63.43,76611.33,473.0,6104.07,32039.93,2858.47,75.06,37.44,300.92,46.96,24.94,42.92,57.08,659.52,58.12,57.17,133.15,83.3,19.8,119.62,150.39,222.62,2216.14,53.73,133.0,131.35,0.0,1.66,3.8,18.69,40.51,94.38,2.27,1.48,36.41,5.6,73.46,25.52,95.51,8.16,11.5,4.66,4.67,2.38,1.01,1.06,2.33,15.32,1.78,6.96,52.42,1.36,2.15,3.72,98.07,52.32,4.68,0.0,2.69,135.82,3.92,5.02,0.78,0.0,0.01,7458.39,87.75,1094.98,40.86,6.76,50.08,212.43,45.5,1098.18,7.99,41.3,192.83,8.01,57.07,42.93,7.7,7458.39,705.85,4256.85,1459.41,4.12,0.0,1032.16,87.75,7.99,192.83,8.01,85.0,,,,1
(주)신화다이나믹스,1770,2013,1,24,32401,  1차 금속 제조업 ,1988-11-23,,-12.77,-5.09,0.0,-1.14,-2.21,-16.28,-20.57,-5.86,-17.21,0.0,0.0,-380.04,-45.38,0.0,-17.21,-0.5,4.44,-1.06,-2.59,-0.84,-0.94,-2.29,-2.11,-5.14,-0.99,-2.42,-13.5,-32.91,95.56,101.06,-2.25,-2.13,1.78,-0.34,0.0,0.0,-0.71,103.28,5.26,0.0,0.0,1.71,1.26,9.75,124.04,2.83,4.39,4.11,520.89,0.0,0.85,83.91,3.0,0.48,0.0,63424.37,-1645.0,-530.7,30258.33,-674.92,72.04,35.52,257.63,46.45,27.96,46.32,53.68,620.89,60.37,59.86,135.18,87.17,12.23,153.71,136.48,335.34,1748.58,45.84,115.89,115.05,0.0,0.85,2.09,18.75,40.83,88.14,-0.56,-0.86,38.86,5.21,83.53,29.88,99.37,7.75,10.18,4.16,4.39,-0.6,0.88,0.93,1.98,12.68,1.59,6.52,56.0,1.2,1.89,3.27,111.48,47.45,4.06,0.0,2.43,150.17,3.35,4.38,0.69,0.0,0.0,4073.81,47.93,906.5,-9.65,-23.52,49.83,201.63,37.68,957.95,5.0,23.77,127.21,5.29,103.97,-3.97,-49.07,4073.81,-2557.15,4235.43,1374.42,4.6,0.0,1016.51,47.93,5.0,127.21,5.29,85.0,,,,1
(주)신화다이나믹스,1770,2014,1,24,32401,  1차 금속 제조업 ,1988-11-23,,-8.69,-5.32,0.0,-1.16,-8.56,-8.73,5.52,0.27,-19.52,0.0,0.0,0.0,78.16,-1.18,-18.56,-1.49,7.39,2.38,0.82,1.98,1.89,0.65,3.9,1.34,2.0,0.69,24.26,8.32,92.61,97.62,-0.79,-1.24,1.75,0.51,0.0,48.65,2.04,98.44,6.65,0.0,0.0,1.75,1.57,10.29,147.57,2.71,4.29,3.84,522.56,0.0,1.07,83.96,4.0,0.64,48.07,51043.64,416.0,3384.22,30291.57,1213.22,72.0,41.07,257.15,42.43,28.0,50.86,49.14,622.56,55.05,54.05,149.37,88.03,7.59,124.28,124.25,327.16,1602.54,37.99,96.61,94.77,0.0,1.84,3.94,23.8,36.29,71.36,1.27,1.91,42.69,5.23,90.46,35.14,113.74,4.74,6.42,2.33,2.8,1.36,0.8,0.84,1.64,10.21,1.55,6.93,52.69,1.11,1.79,2.9,126.03,35.07,3.71,0.0,2.09,174.67,2.85,3.72,0.65,0.0,0.0,7172.64,85.39,738.24,17.55,6.02,49.09,193.18,29.93,885.14,9.65,44.2,285.26,11.57,57.48,42.52,7.05,7172.64,984.39,4123.17,1085.52,4.04,0.0,975.52,85.39,9.65,285.26,11.57,84.0,,,,1
(주)신화다이나믹스,1770,2015,1,24,32401,  1차 금속 제조업 ,1988-11-23,,-6.43,-4.72,0.0,-1.17,-2.43,-7.98,-14.66,4.23,-7.74,78.64,282.24,550.49,15.06,1.19,-8.82,0.59,12.44,4.6,3.38,3.7,3.66,2.68,6.82,5.0,3.87,2.84,43.35,31.81,87.56,95.4,-0.2,-0.7,1.34,0.64,0.0,23.28,3.75,95.67,7.55,0.0,0.0,1.38,1.56,10.11,173.56,2.3,3.58,3.23,548.9,0.0,5.03,84.61,7.0,1.08,22.01,47093.09,1590.0,5060.25,31458.77,2167.32,70.8,38.09,242.51,43.84,29.2,56.66,43.34,648.9,51.53,50.56,167.57,103.75,14.75,135.16,94.46,401.62,1558.04,33.66,76.51,74.58,0.0,1.93,3.82,28.55,31.85,56.21,3.32,4.28,47.92,5.49,89.84,35.95,114.48,17.01,23.15,7.37,8.97,3.43,0.8,0.84,1.48,9.42,1.72,7.8,46.78,1.11,1.84,2.81,129.98,34.33,3.52,0.0,2.17,168.06,2.78,3.61,0.68,0.0,0.0,8350.79,98.24,673.09,30.98,22.73,49.37,181.9,22.97,818.51,12.0,54.01,427.71,14.6,50.26,49.74,23.14,8350.79,2518.43,4196.77,766.81,2.67,0.0,866.12,98.24,12.0,427.71,14.6,85.0,,,,1
(주)신화다이나믹스,1770,2016,1,24,32401,  1차 금속 제조업 ,1988-11-23,,0.82,-2.73,0.0,-1.18,-2.07,2.01,-36.86,-0.18,22.63,-77.0,-70.17,-80.79,-17.54,-2.35,25.58,16.39,7.6,0.86,0.82,0.88,0.87,0.83,1.54,1.46,0.92,0.88,9.97,9.49,92.4,99.14,0.28,-0.26,0.86,0.6,0.0,27.9,1.68,98.88,6.76,0.0,0.0,0.85,0.78,7.11,197.83,1.97,3.21,2.96,547.73,0.0,1.19,84.58,5.0,0.77,52.7,57749.56,474.0,3616.19,31500.29,498.52,71.64,23.57,252.63,54.75,28.36,56.09,43.91,647.73,50.56,49.37,168.31,128.64,18.26,270.47,58.08,317.6,1267.29,85.16,78.27,75.88,0.0,2.39,4.62,29.08,27.09,48.29,0.99,2.33,47.43,5.48,70.92,28.65,94.16,17.11,27.74,7.51,7.51,1.01,1.0,1.07,1.78,11.55,2.3,8.55,42.67,1.41,2.04,4.58,79.62,33.76,6.22,0.0,2.44,149.31,3.49,4.6,0.88,0.0,0.01,6723.81,81.01,845.29,7.3,6.94,57.47,0.0,0.0,0.0,9.59,44.71,388.91,9.58,70.94,29.06,8.57,6723.81,799.37,4769.82,600.42,2.7,0.0,551.5,81.01,9.59,388.91,9.58,83.0,,,,1
(주)신화다이나믹스,1770,2017,1,24,32401,  1차 금속 제조업 ,1988-11-23,,0.14,0.2,0.0,-1.2,5.78,-2.1,52.0,-6.38,-12.66,0.0,0.0,-723.16,-52.88,0.0,-12.66,-2.69,10.91,-2.95,-3.39,-2.56,-2.57,-2.96,-4.74,-5.46,-2.76,-3.17,-29.75,-34.22,89.09,102.95,-1.37,-1.96,0.92,-1.04,0.0,0.0,-2.15,104.28,7.21,0.0,0.0,0.88,0.94,8.11,200.37,1.76,3.11,3.07,506.4,100.0,0.89,83.53,2.0,0.33,0.0,50437.42,-1711.0,1587.95,29583.62,-1487.43,70.04,36.6,233.81,44.41,29.96,52.44,47.56,606.4,57.12,53.75,158.22,100.31,19.54,136.16,99.47,186.16,1064.47,73.14,90.69,84.42,91.89,6.27,12.76,25.77,26.34,50.23,-3.14,-3.67,43.79,5.06,81.15,33.4,106.14,9.46,17.09,4.5,5.16,-3.19,0.87,0.93,1.61,10.09,1.91,5.27,69.27,1.23,1.76,4.11,88.91,25.37,5.83,0.0,2.17,168.45,2.99,4.07,0.76,1.0,0.01,3168.29,38.17,738.26,-21.77,-25.04,55.92,0.0,0.0,0.0,4.51,21.03,213.15,5.17,146.5,-46.5,-65.6,3168.29,-2644.52,4641.45,565.87,2.84,0.0,602.65,38.17,4.51,213.15,5.17,83.0,,,,1
(주)신화다이나믹스,1770,2018,1,24,32401,  1차 금속 제조업 ,1988-11-23,,-8.06,-2.96,0.0,-1.21,-9.76,-7.34,-15.55,-7.61,16.92,0.0,0.0,0.0,210.31,-7.23,26.03,12.76,9.58,4.44,3.11,4.74,4.72,3.3,8.98,6.28,5.06,3.54,52.36,36.65,90.42,95.56,-0.1,-0.53,0.74,0.22,0.0,28.44,4.09,95.71,7.0,0.0,0.0,0.77,0.89,8.67,228.13,1.67,3.59,3.24,460.28,0.0,-7.31,82.18,2.0,0.36,5.46,58972.29,1833.0,5046.17,27479.65,2617.96,70.59,33.36,240.07,47.05,29.41,52.7,47.3,560.28,55.8,52.62,160.0,106.63,30.65,140.86,88.95,171.99,821.8,81.9,89.74,83.72,96.71,6.03,12.0,26.47,23.54,44.66,5.83,6.84,43.3,4.6,66.15,27.94,84.78,13.19,26.51,6.24,5.62,5.97,1.06,1.14,2.02,11.79,2.24,5.59,65.27,1.51,2.33,4.31,84.6,29.18,6.09,0.0,3.12,117.02,3.58,4.83,0.93,0.54,0.01,9120.72,118.45,930.44,41.31,28.91,63.06,189.9,19.36,838.65,14.12,62.38,611.73,12.73,53.23,46.77,24.41,9120.72,3110.91,4855.25,532.81,3.2,0.0,618.54,118.45,14.12,611.73,12.73,77.0,,,,1
백광산업(주),1340,2015,1,20,32001,  화학물질 및 화학제품 제조업; 의약품 제외 ,1976-06-10,,-31.06,-27.52,0.0,-50.44,-26.58,-45.67,-87.86,-7.32,-60.82,0.0,0.0,0.0,96.02,-46.9,-26.21,26.81,19.7,2.88,-10.59,0.98,0.98,-3.61,3.0,-11.05,1.0,-3.68,19.52,-71.9,80.3,97.12,-4.42,-2.71,2.46,-1.14,0.01,0.0,-2.77,101.53,8.43,0.0,0.0,2.41,15.15,11.47,96.08,1.24,2.23,1.59,497.76,0.0,-21.7,31.98,0.0,0.0,0.0,3304.52,-369.0,500.03,3046.1,95.02,18.52,8.33,22.72,16.97,81.48,38.47,61.53,530.49,211.78,155.13,39.0,35.76,1.55,644.22,0.0,274.43,2208.94,234.75,159.91,123.39,87.43,36.52,0.0,-28.96,46.31,120.35,1.16,0.37,36.1,4.98,63.03,230.66,233.48,7.61,10.11,4.68,11.22,1.17,0.34,0.35,1.04,6.79,0.51,8.83,41.34,1.59,2.18,5.86,62.3,14.04,31.06,7242.58,2.98,122.4,0.43,0.45,0.47,97.8,0.01,24533.93,204.45,1076.64,30.96,-114.04,92.69,2018.18,390.33,2580.56,7.92,10.13,52.38,18.99,45.33,54.67,-55.78,24533.93,-1990.2,11122.36,3179.3,955.06,0.0,19990.25,204.45,7.92,52.38,18.99,120.0,,,,1
백광산업(주),1340,2016,1,20,32001,  화학물질 및 화학제품 제조업; 의약품 제외 ,1976-06-10,,-9.32,-3.72,0.0,0.0,-0.36,-48.8,18.96,1.13,4.23,44.4,0.0,0.0,21.17,2.5,1.69,-15.39,21.31,3.98,1.76,1.85,1.82,0.8,4.48,1.98,1.9,0.84,23.89,10.54,78.69,96.02,-2.34,-3.25,3.62,-0.28,0.02,-7.31,2.45,98.41,7.08,0.0,0.0,3.58,9.04,10.36,119.6,2.78,4.37,3.86,492.11,0.0,-21.57,31.51,0.0,0.0,0.0,2997.87,61.0,766.08,2682.48,119.43,10.46,19.34,11.68,8.43,89.54,42.91,57.09,536.5,208.67,162.74,23.25,18.75,3.02,312.2,0.0,285.83,639.34,109.22,133.04,104.81,92.18,28.23,0.0,-34.52,40.44,94.24,1.08,1.45,39.36,4.92,32.19,187.05,195.03,16.83,23.76,9.61,20.04,1.1,0.46,0.48,1.12,6.0,0.77,15.47,23.6,3.11,3.53,25.76,14.17,64.65,61.51,0.0,5.55,65.71,0.53,0.57,0.75,0.06,0.02,30471.82,247.74,1094.79,43.61,19.25,78.43,1882.77,329.91,2282.87,10.85,13.16,75.09,22.63,31.66,68.34,7.77,30471.82,2207.02,9646.44,4878.02,1419.45,0.0,12322.0,247.74,10.85,75.09,22.63,123.0,,,,1
백광산업(주),1340,2017,1,20,32001,  화학물질 및 화학제품 제조업; 의약품 제외 ,1976-06-10,,-0.28,-1.01,0.0,0.0,-0.68,3.23,-6.7,8.07,7.66,68.7,167.6,136.24,9.57,1.63,5.94,7.41,22.8,6.24,4.37,3.25,3.23,2.26,7.22,5.06,3.48,2.44,40.29,28.22,77.2,93.76,-1.77,-2.27,2.68,0.37,0.02,2.16,3.64,95.6,7.48,0.0,0.0,2.76,8.34,11.05,138.94,2.5,4.04,3.74,512.09,0.0,-15.42,33.69,0.0,0.0,0.0,3227.64,153.0,362.5,2898.88,201.47,10.82,17.48,12.14,8.93,89.18,46.5,53.5,579.78,191.77,145.56,27.94,23.06,2.77,391.91,0.0,291.26,1326.61,134.56,115.05,83.3,86.77,31.75,0.0,-27.91,34.83,74.9,2.3,2.67,41.07,5.12,20.58,172.83,177.23,16.92,25.99,9.05,17.48,2.33,0.52,0.56,1.16,6.46,0.94,21.75,16.78,4.86,5.96,26.41,13.82,66.83,76.41,0.0,7.53,48.46,0.58,0.62,0.98,0.08,0.02,33929.47,271.44,1159.84,72.4,50.7,84.24,1802.67,303.61,2240.16,12.12,15.06,89.4,23.4,31.03,68.97,18.68,33929.47,6477.57,10529.47,3880.2,1294.75,0.0,11747.47,271.44,12.12,89.4,23.4,125.0,,,,1
백광산업(주),1340,2018,1,20,32001,  화학물질 및 화학제품 제조업; 의약품 제외 ,1976-06-10,,6.32,2.62,0.0,0.0,3.01,33.54,52.62,18.21,21.04,203.7,252.26,273.03,41.28,12.0,8.07,17.61,32.34,15.66,12.72,9.54,9.51,7.73,19.35,15.71,10.59,8.6,122.37,99.4,67.66,84.34,-2.42,-1.77,1.84,-0.04,0.02,3.95,8.85,86.8,9.08,0.0,0.0,2.12,7.87,11.93,157.14,2.2,3.73,3.55,606.36,0.0,0.39,42.07,9.56,1.4,9.62,3906.81,524.0,780.57,3378.82,611.86,13.6,19.98,15.73,10.88,86.4,51.7,48.3,685.33,167.13,133.6,38.49,30.8,9.42,253.26,0.0,271.28,1160.53,93.36,93.42,68.33,88.0,25.1,0.0,-21.73,29.79,57.61,8.31,8.19,45.74,6.06,20.17,144.44,149.37,17.85,28.95,8.62,14.63,8.5,0.61,0.68,1.24,7.81,1.2,23.91,15.27,4.96,6.11,26.22,13.92,105.39,75.94,0.0,8.51,42.9,0.69,0.75,1.23,0.09,0.02,53688.63,383.49,1253.48,196.31,159.46,99.07,1576.49,230.06,2126.51,18.03,24.33,166.69,30.59,25.83,74.17,41.58,53688.63,23242.83,13870.26,3232.28,1318.73,0.0,12024.52,383.49,18.03,166.69,30.59,140.0,,,,1
삼성바이오로직스(주),207940,2016,1,21,32101,  의료용 물질 및 의약품 제조업 ,2016-11-10,,26.38,22.54,0.0,0.0,5.27,657.79,37.79,47.12,222.77,0.0,0.0,-109.32,0.0,0.0,0.0,0.0,9.01,-10.33,-60.02,-0.4,-0.45,-2.62,-0.89,-5.16,-1.98,-11.54,-20.06,-116.62,90.99,110.33,-68.05,-24.59,5.3,-0.95,0.0,0.0,-2.39,91.12,39.01,0.0,0.0,5.52,21.28,8.11,11.52,0.47,2.28,2.51,2368.0,0.0,34.9,95.83,0.0,0.0,0.0,10686.82,-3115.0,-2272.91,147570.68,-1103.52,19.4,11.24,24.07,17.22,80.6,54.19,45.81,2468.0,148.73,120.08,59.01,52.38,9.3,40.47,0.0,4369.01,70.73,0.93,84.53,60.66,47.88,23.86,0.0,-13.48,11.19,20.65,-1.58,-13.79,52.0,23.68,280.75,2009.22,792.36,-4.76,-19.46,-2.18,-55.69,-1.95,0.04,0.19,0.09,1.94,0.09,313.52,1.16,0.36,0.43,2.08,175.55,3.38,11.56,189.46,5.81,62.82,0.05,0.3,0.1,0.0,0.0,-44876.79,-29.29,192.31,-19.86,-115.42,71.97,0.0,0.0,0.0,-0.6,-5.23,-7.99,-15.23,0.0,0.0,0.0,-44876.79,-230900.98,110259.58,15614.72,0.0,0.0,60149.89,-29.29,-0.6,-7.99,-15.23,1532.0,,,,1
삼성바이오로직스(주),207940,2017,1,21,32101,  의료용 물질 및 의약품 제조업 ,2016-11-10,,-4.65,38.72,0.0,0.0,8.08,-57.51,27.87,-2.59,57.7,0.0,0.0,0.0,0.0,38.32,14.02,-2.5,28.37,14.2,-20.87,1.03,0.9,-1.32,1.64,-2.41,3.16,-4.64,39.89,-58.62,71.63,85.8,-39.17,-11.43,-0.92,0.37,0.0,0.0,-1.38,70.7,43.03,0.0,0.0,-1.23,20.24,6.3,13.27,-0.13,1.04,0.82,2303.96,0.0,33.39,95.94,0.0,0.0,0.0,7022.28,-1466.0,2264.28,59811.86,997.19,8.65,33.81,9.46,5.72,91.35,55.36,44.64,2403.96,165.02,134.04,27.15,17.97,15.65,8.82,0.0,127.9,19.44,6.9,80.64,57.52,25.4,23.12,0.0,-23.2,7.6,13.73,11.61,999999999.0,53.06,23.04,224.09,1359.54,397.19,1.36,7.98,0.61,9.38,0.0,0.06,0.22,0.12,2.81,0.14,58.08,6.28,0.45,0.54,2.48,146.98,4.91,11.5,41.36,10.93,33.38,0.07,0.36,0.14,0.0,0.01,98355.35,46.42,219.27,31.14,-45.76,70.17,568.42,281.44,3389.85,1.37,8.17,16.49,21.17,151.18,-51.18,-98.59,98355.35,-115994.75,148689.76,-4265.89,0.0,0.0,69926.23,46.42,1.37,16.49,21.17,2119.0,,,,1
코스모신소재(주),5070,2012,1,20,32004,  화학물질 및 화학제품 제조업; 의약품 제외 ,1987-09-28,,7.05,13.6,0.0,0.0,13.56,-13.47,5.06,-15.4,-18.07,0.0,0.0,-5830.88,-54.92,9.01,-24.84,-4.51,0.38,-8.26,-11.58,-4.65,-4.72,-6.61,-11.1,-15.56,-5.12,-7.17,-15.25,-21.37,99.62,108.26,-3.31,-4.12,4.12,-0.3,0.02,0.0,-4.26,111.23,10.15,0.0,0.0,3.59,4.47,8.65,0.0,4.09,4.65,5.35,25.89,0.0,19.51,20.57,0.0,0.0,0.0,9230.14,-1069.0,-669.46,6168.38,-762.63,19.47,55.19,24.17,8.72,80.53,37.65,62.35,125.89,213.91,140.33,45.69,20.47,4.41,59.34,0.0,168.15,243.84,35.29,165.61,113.18,72.84,52.43,0.0,-23.14,50.38,133.81,-1.95,-1.81,7.74,0.26,38.01,137.16,158.48,-5.63,-6.96,-3.51,-6.36,-2.01,0.57,0.62,1.34,1.85,0.99,14.37,25.4,2.63,5.26,5.27,69.32,17.88,21.7,172.46,8.62,42.36,0.73,0.74,0.92,0.0,0.01,12013.38,33.09,355.68,-29.39,-41.18,41.41,433.31,41.38,644.25,5.14,7.64,79.98,9.3,125.13,-25.13,-124.42,12013.38,-14947.18,15032.84,5320.24,0.0,0.0,6615.84,33.09,5.14,79.98,9.3,363.0,,,,0
코스모신소재(주),5070,2013,1,20,32004,  화학물질 및 화학제품 제조업; 의약품 제외 ,1987-09-28,,17.22,10.81,0.0,0.0,12.84,35.34,14.28,13.24,18.72,0.0,0.0,0.0,56.42,-0.83,19.71,35.45,5.13,-2.14,-5.64,-1.29,-1.29,-3.4,-3.5,-9.2,-1.4,-3.68,-4.53,-11.93,94.87,102.14,-3.5,-3.6,0.0,-0.29,0.01,0.0,-3.4,105.48,12.13,0.0,0.0,0.0,4.29,7.68,0.0,0.0,0.0,0.0,33.04,0.0,8.76,14.94,0.0,0.0,0.0,10226.98,-600.0,-948.94,6524.01,-218.95,22.48,46.6,28.99,12.0,77.52,36.37,63.63,133.04,213.16,134.92,52.83,28.21,0.89,77.24,0.0,185.75,254.24,41.58,174.95,116.96,72.04,57.99,0.0,-20.06,48.66,133.8,999999999.0,999999999.0,9.03,0.33,34.95,130.76,173.09,-6.76,-8.84,-4.3,-7.69,0.0,0.6,0.65,1.63,2.12,0.96,14.74,24.77,2.86,5.75,5.69,64.09,20.66,21.3,179.57,8.27,44.15,0.76,0.78,0.95,0.0,0.01,18635.99,51.77,425.78,-9.12,-24.0,56.09,560.38,84.92,761.48,6.8,9.24,60.96,12.16,108.36,-8.36,-46.37,18635.99,-8641.11,20193.52,0.0,0.0,0.0,7136.49,51.77,6.8,60.96,12.16,360.0,,,,0
코스모신소재(주),5070,2014,1,20,32004,  화학물질 및 화학제품 제조업; 의약품 제외 ,1987-09-28,,-3.27,-1.63,0.0,0.0,-1.85,-8.16,-14.04,-24.48,-2.57,0.0,0.0,-1840.35,-28.97,-5.56,3.16,-2.47,0.06,-8.85,-15.61,-4.84,-4.9,-8.65,-15.11,-26.65,-5.09,-8.98,-17.64,-31.12,99.94,108.85,-6.76,-6.15,5.81,0.27,0.07,0.0,-5.43,115.2,10.53,0.0,0.0,4.91,4.84,8.0,0.0,4.76,6.43,6.53,0.47,0.0,-20.82,-12.63,0.0,0.0,0.0,9964.23,-1556.0,281.9,4904.1,-882.19,21.34,43.62,27.13,12.03,78.66,28.39,71.61,100.47,277.04,159.96,41.99,23.67,4.42,74.01,0.0,116.75,381.64,63.39,252.19,179.0,78.92,73.19,0.0,-29.49,51.91,182.84,-1.49,-1.69,0.13,0.0,39.57,140.99,170.22,-2.63,-3.63,-1.89,-3.35,-1.53,0.55,0.57,1.71,1.99,0.82,10.83,33.71,2.53,4.61,5.59,65.24,22.11,21.39,192.9,7.39,49.42,0.71,0.73,0.81,0.46,0.01,12501.85,36.77,439.25,-38.89,-68.58,54.71,576.02,80.5,779.91,4.71,6.38,45.68,8.37,148.78,-48.78,-186.52,12501.85,-23318.69,18600.66,8669.88,0.0,0.0,8549.99,36.77,4.71,45.68,8.37,340.0,,,,0
코스모화학(주),5420,2012,1,20,32004,  화학물질 및 화학제품 제조업; 의약품 제외 ,1987-07-23,,-1.46,-0.68,0.0,0.0,-3.91,6.86,23.94,-7.42,4.55,-73.77,0.0,-224.51,-49.7,10.16,-5.09,0.72,14.17,3.09,-9.79,1.59,1.06,-3.37,2.27,-7.19,1.18,-3.75,8.49,-26.94,85.83,96.91,-12.88,-5.46,5.46,-0.1,0.03,0.0,-1.49,109.41,8.19,0.0,0.0,4.8,8.87,12.19,177.74,3.54,6.12,6.46,260.3,0.0,-1.59,8.55,0.0,0.0,0.0,13753.97,-1350.0,-164.55,17778.92,424.43,24.7,54.4,32.8,11.26,75.3,45.37,54.63,360.03,165.98,109.23,79.52,36.26,0.37,24.55,0.0,99.39,44.41,24.7,120.43,68.47,64.9,51.96,0.0,-6.36,39.69,87.49,0.44,-0.79,32.8,2.6,68.98,221.66,262.63,-2.26,-3.11,-1.23,-3.56,0.56,0.34,0.38,0.73,2.75,0.65,9.04,40.39,1.45,2.95,2.86,127.83,7.02,7.26,25.87,10.77,33.91,0.45,0.53,0.65,0.22,0.01,27186.81,78.35,519.33,16.03,-50.86,48.42,984.82,216.16,1498.26,5.23,7.96,36.25,15.09,61.81,38.19,-64.92,27186.81,-17648.89,16803.14,9845.62,0.0,0.0,18188.13,78.35,5.23,36.25,15.09,347.0,,,,0
한국전력기술(주),52690,2015,1,72,137201,"  건축기술, 엔지니어링 및 기타 과학기술 서비스업 ",2009-12-14,,7.91,16.4,0.0,0.0,22.83,-9.82,0.0,-1.57,-21.89,-78.57,-72.59,-65.78,-17.38,-1.61,-20.61,3.6,21.47,2.17,2.28,2.06,1.76,1.86,3.53,3.72,2.39,2.51,186.6,196.39,78.53,97.83,0.17,0.27,-0.28,-0.01,0.07,11.55,1.63,96.35,24.07,11.0,0.25,-0.28,2.36,8.38,16.88,-0.45,0.61,1.18,5277.42,0.0,71.29,100.62,99.54,1.9,50.68,17205.74,395.0,295.12,9077.72,373.19,38.18,0.0,61.77,38.18,61.82,47.76,52.24,5242.67,129.44,104.41,93.6,93.6,4.47,0.0,0.0,37.75,0.0,0.0,109.39,85.42,66.04,23.97,0.0,-2.61,10.53,22.05,26.31,999999999.0,48.07,52.77,51.38,71.55,106.68,3.19,15.84,1.67,2.13,0.0,0.81,1.1,1.63,86.03,1.63,6.11,59.74,1.95,1.95,822286.77,0.0,0.0,0.0,0.0,16.07,22.72,1.4,2.09,0.99,0.0,0.0,194277.75,85.96,290.97,6.31,6.64,69.35,149.04,40.91,371.29,23.15,57.68,210.14,29.54,80.67,19.33,7.73,194277.75,15356.38,156725.53,-1818.73,11297.88,1616.62,15383.26,85.96,23.15,210.14,29.54,2260.0,,,,1
한국전력기술(주),52690,2016,1,72,137201,"  건축기술, 엔지니어링 및 기타 과학기술 서비스업 ",2009-12-14,,-7.58,-2.88,0.0,0.0,0.18,-20.15,0.0,2.48,-23.05,-13.89,50.54,13.24,9.38,3.05,-25.33,3.22,33.91,2.43,4.47,1.75,1.52,2.8,3.03,5.57,1.83,3.37,160.68,295.64,66.09,97.57,3.45,1.65,-0.16,-0.35,0.09,28.29,2.7,93.61,33.3,12.22,0.35,-0.16,3.92,6.37,22.37,-0.2,1.17,1.19,5407.43,0.0,3.59,100.61,54.75,1.02,18.52,13239.46,594.0,490.52,9137.25,321.36,32.99,0.0,49.24,32.99,67.01,52.96,47.04,5372.68,126.53,106.28,89.28,89.28,7.49,0.0,0.0,61.23,0.0,0.0,88.82,69.77,0.0,19.05,0.0,-3.96,11.84,22.36,11.43,999999999.0,53.3,54.07,56.94,102.6,126.7,4.12,16.35,1.94,2.97,0.0,0.63,0.75,1.25,66.2,1.26,7.23,50.47,1.76,1.76,0.0,0.0,0.0,0.0,0.0,16.04,22.76,0.97,1.52,0.84,0.11,0.0,218991.24,94.03,217.27,5.27,9.7,71.58,140.88,37.01,332.96,28.24,66.74,254.07,43.28,76.13,23.87,10.32,218991.24,29754.57,166707.97,-791.75,4665.42,1760.03,19639.25,94.03,28.24,254.07,43.28,2329.0,,,,1
한국전력기술(주),52690,2017,1,72,137201,"  건축기술, 엔지니어링 및 기타 과학기술 서비스업 ",2009-12-14,,-1.72,-4.19,0.0,0.0,-2.88,0.66,0.0,11.28,-3.13,167.63,43.61,187.97,11.84,-4.12,1.04,3.21,31.03,6.71,6.62,4.49,4.28,4.22,7.58,7.48,5.14,5.08,430.04,424.57,68.97,93.29,3.08,1.1,-0.3,-0.33,0.2,34.8,4.03,90.2,35.87,12.29,0.39,-0.32,4.28,6.55,4.64,-0.44,0.53,0.31,6013.71,0.0,8.81,100.54,109.49,1.83,25.79,12825.56,853.0,1637.3,10047.58,860.07,33.79,0.0,51.03,33.79,66.21,59.96,40.04,5978.96,110.42,93.4,116.08,116.08,8.29,0.0,0.0,96.89,0.0,0.0,66.76,48.54,23.19,18.22,233.47,4.68,5.13,8.55,160.25,999999999.0,60.31,60.14,52.36,104.48,129.9,13.33,104.07,5.34,8.3,0.0,0.64,0.77,1.13,64.13,1.46,12.85,28.41,1.91,1.91,0.0,0.0,0.0,0.0,0.0,16.81,21.72,0.96,1.53,0.96,0.25,0.0,234825.53,105.16,219.52,14.72,14.53,73.88,140.78,35.74,341.32,30.81,74.7,294.23,47.9,70.25,29.75,13.82,234825.53,47985.47,164963.64,-1475.01,4976.41,1790.43,19683.86,105.16,30.81,294.23,47.9,2233.0,,,,1
한솔아트원제지(주),7190,2012,4,17,31701,"  펄프, 종이 및 종이제품 제조업 ",1974-06-24,2017/03/15,-1.43,-1.09,0.0,0.0,-1.32,-1.66,-8.75,0.65,-5.97,0.0,0.0,0.0,61.94,2.7,-8.45,-4.15,10.62,2.51,0.08,1.96,1.93,0.06,9.32,0.3,1.98,0.06,12.04,0.39,89.38,97.49,-2.44,-3.83,4.43,1.93,0.01,-21.78,3.47,99.93,5.58,0.0,0.0,4.3,4.74,7.06,90.11,4.29,6.21,6.2,29.56,0.0,0.42,19.93,0.0,0.0,0.0,23978.23,20.0,685.51,6121.22,602.06,32.63,36.21,48.43,20.81,67.37,20.9,79.1,129.56,322.32,108.9,85.56,54.58,1.14,160.65,0.0,111.76,983.19,143.75,378.4,182.42,33.77,195.97,0.0,-5.51,55.69,266.43,0.56,1.02,4.77,0.3,42.52,87.66,125.91,7.69,10.93,6.09,7.86,0.57,0.77,0.79,3.71,4.8,0.97,4.36,83.77,2.35,3.77,6.25,58.4,39.21,14.47,46.14,4.18,87.25,1.14,1.2,1.02,0.16,0.02,58292.25,153.4,1013.24,25.44,0.83,58.3,827.15,478.07,1309.52,11.71,18.55,32.09,15.14,38.01,61.99,0.54,58292.25,259.25,22155.0,17069.0,0.0,0.0,18809.11,153.4,11.71,32.09,15.14,380.0,,,,1
한솔아트원제지(주),7190,2013,4,17,31701,"  펄프, 종이 및 종이제품 제조업 ",1974-06-24,2017/03/15,-5.52,-2.3,0.0,0.0,-3.03,-10.65,-20.29,-4.59,1.98,19.14,-16.87,-34.81,1.11,-4.47,6.76,3.39,11.55,2.93,0.07,2.41,2.38,0.05,11.33,0.26,2.44,0.06,22.58,0.51,88.45,97.07,-2.86,-2.8,3.66,0.39,0.02,5.57,3.02,99.93,5.46,0.0,0.0,3.59,4.93,7.58,99.69,3.76,5.21,5.23,357.04,0.0,-24.3,75.29,0.0,0.0,0.0,9604.57,14.0,-374.76,2307.94,281.72,30.85,32.3,44.62,20.89,69.15,21.11,78.89,457.04,327.59,111.11,81.69,55.3,2.53,190.76,0.0,151.01,521.63,126.32,373.75,178.91,38.22,194.84,0.0,-6.91,59.28,280.83,0.79,1.02,16.49,3.57,39.14,84.09,117.2,-0.58,-0.77,-0.46,-0.55,0.8,0.81,0.83,3.86,7.7,1.03,5.47,66.78,2.55,3.89,7.43,49.1,29.37,20.04,73.46,4.27,85.44,1.19,1.25,1.16,0.16,0.01,56300.11,155.1,1081.7,31.73,0.72,60.28,847.95,485.22,1295.23,11.97,18.29,31.96,14.34,38.87,61.13,0.47,56300.11,277.94,21882.0,14373.17,0.0,0.0,19766.69,155.1,11.97,31.96,14.34,363.0,,,,1
(주)광무,29480,2014,5,26,32604,"  전자부품, 컴퓨터, 영상, 음향 및 통신장비 제조업 ",1996-08-27,,-3.56,-20.83,0.0,0.0,-15.91,34.87,-7.5,-25.04,280.1,0.0,0.0,0.0,0.0,194.59,29.02,-29.69,17.9,3.7,-2.24,5.74,5.01,-3.03,14.33,-8.66,7.39,-4.47,15.09,-9.12,82.1,96.3,-5.94,-0.91,2.77,-0.19,0.0,0.0,0.72,102.15,13.94,0.0,0.0,2.6,3.53,15.7,48.97,5.76,10.81,9.48,-7.8,0.0,-40.36,11.38,0.0,0.0,0.0,2037.28,-46.0,81.15,440.24,75.44,34.01,2.43,51.53,33.18,65.99,30.53,69.47,90.23,216.18,140.13,64.28,62.72,11.64,1892.5,0.0,168.05,,1126.17,227.58,173.31,83.65,54.27,0.0,-18.9,42.15,138.08,1.12,0.19,-2.64,-0.08,21.48,52.4,50.67,1.99,3.28,1.38,1.0,1.34,1.35,2.0,3.87,4.07,2.08,27.3,13.37,4.66,4.79,160.08,2.28,,,0.0,13.65,26.73,1.91,3.92,1.69,0.01,0.06,7685.26,70.51,352.38,13.05,-7.89,52.25,79.43,2.98,255.62,27.58,88.77,2368.02,20.01,74.11,25.89,-11.19,7685.26,-859.72,5695.3,1063.09,344.28,0.0,1442.31,70.51,27.58,2368.02,20.01,109.0,0.0,0.0,558.47,0
(주)광무,29480,2015,5,26,32604,"  전자부품, 컴퓨터, 영상, 음향 및 통신장비 제조업 ",1996-08-27,,-24.15,-6.34,0.0,0.0,-13.82,-44.21,106.72,-8.95,-54.05,0.0,0.0,0.0,-33.51,-2.75,-52.75,8.41,22.64,-3.52,-15.46,-1.69,-2.53,-11.13,-7.64,-33.57,-3.65,-16.03,-5.99,-26.35,77.36,103.52,-11.94,-11.1,3.2,0.03,0.0,0.0,-8.83,114.8,28.39,0.0,0.0,2.67,3.85,11.51,65.01,3.45,10.31,8.03,-29.68,0.0,-62.33,-21.52,0.0,0.0,0.0,782.44,-130.0,-24.4,336.58,-27.5,25.02,9.02,33.36,22.76,74.98,36.65,63.35,68.67,204.62,108.17,81.54,74.18,17.8,643.52,0.0,189.54,,339.52,172.88,83.72,45.67,89.16,0.0,-5.66,35.45,96.73,-0.8,-3.82,-15.84,-0.3,41.82,96.99,82.56,3.66,6.54,2.32,2.78,-1.1,0.72,1.04,2.17,1.7,1.08,8.37,43.59,2.39,2.51,49.9,7.31,,,0.0,4.75,76.85,1.03,2.11,0.98,0.02,0.02,4969.66,46.88,166.5,-5.85,-25.73,56.65,76.5,0.61,199.37,23.52,61.29,7710.75,28.16,120.82,-20.82,-54.89,4969.66,-2727.75,6004.5,565.36,313.37,0.0,814.18,46.88,23.52,7710.75,28.16,106.0,0.0,0.0,0.0,0
(주)광무,29480,2016,5,26,32604,"  전자부품, 컴퓨터, 영상, 음향 및 통신장비 제조업 ",1996-08-27,,37.65,-0.68,0.0,0.0,8.51,124.99,49.82,3.99,49.76,0.0,0.0,0.0,36.29,3.77,44.31,-14.48,17.7,4.9,0.36,5.49,5.15,0.38,16.38,1.21,6.82,0.5,11.47,0.85,82.3,95.1,-4.53,-5.19,2.22,0.36,0.0,0.0,2.72,99.64,19.96,0.0,0.0,2.2,2.21,9.35,76.94,3.41,4.67,6.14,-26.94,0.0,-55.06,-15.82,0.0,0.0,0.0,1171.77,4.0,6.85,351.18,57.37,40.89,6.0,69.17,38.43,59.11,27.68,72.32,71.41,213.53,108.84,89.49,84.11,40.45,686.53,0.0,139.61,,491.74,261.22,165.04,61.03,96.18,0.0,-4.8,49.4,178.43,1.93,1.16,-10.45,-0.27,32.5,62.51,88.44,-0.94,-1.38,-0.68,-0.75,2.2,1.05,1.39,3.35,2.34,1.54,10.3,35.43,3.08,3.31,44.39,8.22,,,0.0,6.63,55.04,1.6,3.27,1.43,0.02,0.04,7028.95,63.9,240.27,11.76,0.87,48.45,73.21,0.21,264.45,24.16,87.28,30963.16,26.59,75.81,24.19,1.36,7028.95,95.62,5328.99,587.15,427.84,0.0,589.35,63.9,24.16,30963.16,26.59,110.0,0.0,0.0,0.0,0
(주)뉴보텍,60260,2014,5,22,32202,  고무 및 플라스틱제품 제조업 ,2002-02-05,,-0.31,-4.69,0.0,0.0,-9.97,6.11,54.6,2.03,-11.87,0.0,0.0,-298.87,-8.87,6.52,-17.27,11.09,28.12,-0.7,-1.11,-0.28,-0.81,-1.29,-1.41,-2.23,-0.85,-1.34,-1.82,-2.88,71.88,100.7,-0.41,-0.42,0.51,0.01,0.24,0.0,-0.7,101.1,14.98,0.0,0.0,0.5,3.7,19.2,286.91,1.41,5.07,4.75,25.78,0.0,-62.28,20.49,0.0,0.0,0.0,1326.65,-15.0,-23.19,643.86,-9.3,63.95,25.53,177.4,47.62,36.05,58.49,41.51,125.78,61.63,56.56,176.34,131.32,27.53,122.0,58.97,498.77,,24.46,70.97,62.0,99.32,8.97,18.95,27.69,22.17,37.91,-0.72,-1.17,11.99,0.26,53.46,32.75,84.01,14.47,27.08,6.0,5.17,-1.37,1.16,1.21,2.01,2.59,2.75,17.92,20.37,1.87,2.39,8.64,42.24,,,0.0,5.58,65.39,3.05,3.65,1.16,0.0,0.01,5672.14,57.88,313.75,-2.2,-3.49,47.92,83.91,23.9,270.05,21.43,68.98,242.2,18.45,82.8,17.2,-6.03,5672.14,-341.77,4696.64,157.23,0.0,0.0,1160.03,57.88,21.43,242.2,18.45,98.0,135.44,10.01,63.26,1
(주)뉴보텍,60260,2015,5,22,32202,  고무 및 플라스틱제품 제조업 ,2002-02-05,,6.64,-0.69,0.0,0.0,1.93,9.29,-27.38,5.78,14.03,0.0,0.0,0.0,27.78,-1.02,15.21,8.78,29.82,4.26,2.7,5.9,5.47,3.46,9.38,5.94,5.59,3.53,12.14,7.68,70.18,95.74,-1.23,-0.9,0.29,0.0,0.15,11.17,3.83,96.69,14.86,0.0,0.0,0.3,2.8,16.25,299.63,0.88,3.81,3.78,33.05,0.0,-53.41,24.84,0.0,0.0,0.0,1424.45,38.0,188.13,628.96,60.72,65.54,16.96,190.2,54.42,34.46,58.02,41.98,133.05,59.39,54.67,177.31,147.23,51.1,142.78,38.91,457.85,,31.18,72.36,63.71,98.53,8.65,17.55,28.58,20.46,35.26,6.79,11.55,14.41,0.33,50.51,27.47,78.89,17.27,35.45,7.25,5.84,14.82,1.28,1.31,2.2,2.85,3.07,34.45,10.6,1.98,2.51,9.4,38.83,,,0.0,7.19,50.76,3.64,4.28,1.26,0.0,0.01,7173.94,73.96,361.46,15.41,9.75,52.13,84.19,24.18,290.95,25.42,87.85,305.86,20.46,70.49,29.51,13.18,7173.94,1064.22,5056.71,100.83,0.0,0.0,952.18,73.96,25.42,305.86,20.46,97.0,168.38,10.7,77.4,1
(주)뉴보텍,60260,2016,5,22,32202,  고무 및 플라스틱제품 제조업 ,2002-02-05,,10.88,-2.76,0.0,0.0,-1.11,17.18,-9.3,3.96,2.39,-16.41,-34.82,-27.56,0.11,7.22,-4.5,5.19,33.28,3.48,1.72,4.59,4.2,2.07,7.48,3.69,4.3,2.12,10.15,5.01,66.72,96.52,-0.63,-0.18,0.17,0.0,0.13,39.78,2.28,97.16,16.28,0.0,0.0,0.18,2.6,15.98,336.37,0.47,2.71,2.88,38.31,0.0,-47.57,27.7,0.0,0.0,0.0,1458.46,25.0,49.29,659.88,50.76,69.27,13.13,225.37,60.17,30.73,54.4,45.6,138.31,56.5,51.45,172.02,149.43,47.9,217.59,31.36,301.99,,72.05,83.83,74.02,98.73,9.81,18.4,29.0,20.96,38.54,7.02,17.53,15.07,0.38,55.95,26.94,84.75,20.48,44.54,9.34,8.14,20.18,1.21,1.24,2.15,2.92,2.75,23.7,15.4,1.79,2.1,12.0,30.42,,,0.0,6.73,54.26,3.71,4.46,1.14,0.0,0.01,7699.84,74.04,345.18,12.01,5.92,54.84,76.35,22.76,300.88,24.61,96.97,325.33,21.45,74.07,25.93,8.0,7699.84,1023.21,5702.93,61.92,0.0,0.0,911.79,74.04,24.61,325.33,21.45,104.0,235.03,13.56,104.31,1
(주)뉴보텍,60260,2017,5,22,32202,  고무 및 플라스틱제품 제조업 ,2002-02-05,,-1.26,1.56,0.0,0.0,4.74,-3.93,-13.72,-3.13,14.27,0.0,0.0,-182.26,-27.46,19.23,-4.16,-2.81,25.72,-2.59,-2.32,-3.08,-3.41,-3.06,-6.33,-5.67,-3.53,-3.16,-8.62,-7.72,74.28,102.59,-0.02,-0.32,0.31,-0.01,0.32,0.0,-2.64,102.58,15.58,0.0,0.0,0.3,2.33,17.57,337.03,0.9,3.57,3.56,33.98,0.0,-52.34,25.36,0.0,0.0,0.0,1666.52,-39.0,-102.45,636.7,-43.11,67.4,11.79,206.72,59.45,32.6,53.37,46.63,133.98,61.09,56.15,160.71,141.75,9.39,374.96,31.22,493.89,,75.92,87.38,78.58,98.95,8.79,18.44,25.46,21.07,39.49,-4.56,-7.29,13.54,0.34,51.8,24.0,72.56,-4.54,-10.05,-2.12,-1.59,-8.24,1.32,1.36,2.45,3.33,2.86,20.96,17.42,1.93,2.21,15.47,23.59,,,0.0,5.33,68.52,4.17,5.13,1.21,0.0,0.01,6659.8,53.71,330.8,-8.56,-7.66,53.3,65.04,20.92,249.17,21.55,82.58,256.68,16.24,99.24,0.76,-14.27,6659.8,-1068.15,6608.86,128.84,0.0,0.0,990.25,53.71,21.55,256.68,16.24,124.0,451.16,17.55,131.06,1
(주)뉴보텍,60260,2018,5,22,32202,  고무 및 플라스틱제품 제조업 ,2002-02-05,,-1.92,4.43,0.0,0.0,-6.52,0.31,31.71,13.48,-2.55,0.0,0.0,0.0,29.48,-12.1,10.86,12.52,27.25,0.54,-4.7,1.14,0.7,-6.14,1.22,-10.68,0.72,-6.32,1.66,-14.61,72.75,99.46,-0.35,-0.34,0.32,-0.01,0.18,39.55,-5.72,99.82,16.32,0.0,0.0,0.32,2.21,15.62,335.26,0.99,5.45,4.63,42.86,0.0,-52.56,33.38,0.0,0.0,0.0,1558.82,-74.0,-38.73,699.67,8.35,68.93,15.49,221.82,58.25,31.07,61.74,38.26,139.3,50.33,48.5,191.84,162.13,10.64,270.55,32.35,633.11,,42.73,61.96,58.19,98.93,3.77,7.05,33.0,15.88,25.72,0.82,1.56,19.0,0.43,52.17,24.38,74.44,-15.16,-36.52,-5.8,-4.4,1.66,1.31,1.34,2.27,3.11,3.07,24.63,14.82,1.92,2.22,14.05,25.98,,,0.0,4.45,81.99,4.1,4.85,1.22,0.0,0.01,7580.09,69.54,366.73,1.96,-17.25,59.97,73.9,25.38,278.02,25.01,94.11,274.01,18.96,86.23,13.77,-24.8,7580.09,72.92,6536.56,129.1,0.0,0.0,886.53,69.54,25.01,274.01,18.96,109.0,297.08,16.03,113.62,1
(주)디지털대성,68930,2014,5,85,168505,  교육 서비스업 ,2003-10-17,,11.16,13.95,0.0,0.0,-11.61,62.42,-17.64,6.52,-0.88,-6.63,6.98,7.03,10.95,-3.85,3.08,9.07,46.57,9.76,8.72,10.46,8.77,7.83,9.95,8.89,9.5,8.48,51.43,45.92,53.43,90.24,1.6,1.88,-1.87,0.0,3.66,23.3,6.15,88.87,20.33,0.0,0.0,-2.07,6.3,31.49,0.0,-14.19,0.0,0.0,454.11,100.0,28.48,84.73,27.48,5.18,60.16,2635.41,268.0,500.88,1694.37,257.2,44.93,0.54,81.58,44.69,55.07,86.35,13.65,530.16,63.78,63.78,329.19,327.41,40.05,2108.29,0.78,997.56,,211.34,15.81,15.81,0.0,0.0,0.0,31.28,0.0,0.0,999999999.0,999999999.0,73.96,4.54,42.52,68.75,110.24,101.74,0.0,13.89,16.27,0.0,0.9,0.97,1.02,5.27,7.57,167.34,2.18,2.35,2.37,317.22,1.15,,,0.0,16.17,22.57,1.45,29.51,1.79,0.01,0.05,19348.67,85.99,255.58,24.94,22.27,47.15,9.22,2.44,299.4,28.72,932.23,3523.11,33.65,54.83,45.17,25.9,19348.67,6533.8,10608.22,-1077.54,0.0,0.0,3284.18,85.99,28.72,3523.11,33.65,225.0,2108.29,317.22,0.0,1
(주)메지온,140410,2014,5,70,137001,  연구개발업 ,2012-01-20,,22.95,122.23,0.0,0.0,-14.37,26.22,398.47,6.39,1.19,0.0,0.0,0.0,-2975.54,26.67,-20.11,-6.35,0.0,-110.37,-57.64,-4.78,-6.96,-3.64,-7.66,-4.0,-7.19,-3.76,-121.41,-63.41,0.0,210.37,35.59,35.82,-34.53,2.24,0.0,0.0,-5.82,154.02,27.52,28.81,0.0,-16.2,1.59,7.43,10.96,-23.87,0.0,0.0,1745.63,0.0,26.92,106.85,0.0,0.0,0.0,550.65,-337.0,-556.56,7803.07,-607.74,94.39,3.09,1682.96,91.48,5.61,84.94,15.06,1629.73,6.6,6.5,686.8,665.6,366.53,51.52,3.61,21540.67,,0.24,17.72,16.18,0.0,1.54,1.63,80.65,0.0,0.0,999999999.0,999999999.0,90.99,17.46,1478.78,106.28,1726.04,-34.35,0.0,-5.17,-90.4,0.0,0.06,0.07,0.07,1.1,0.69,1642.17,0.22,0.07,0.07,3.27,111.57,,,0.0,7.62,47.88,0.94,19.5,0.06,0.0,0.01,-1944.26,-102.33,234.45,-258.76,-135.15,137.58,16.58,8.58,4098.67,-2.5,-617.05,-1192.81,-43.65,0.0,0.0,0.0,-1944.26,-3330.97,2614.07,-1538.12,232.64,0.0,150.94,-102.33,-2.5,-1192.81,-43.65,19.0,51.52,3.27,0.0,1
(주)삼일,32280,2014,5,49,84903,  육상운송 및 파이프라인 운송업 ,1997-03-15,,-1.94,-21.57,0.0,0.0,-21.19,56.13,-10.02,7.65,7.59,-35.66,-42.18,-48.82,-24.15,0.0,7.59,-29.45,11.49,2.88,2.8,2.77,2.63,2.55,8.56,8.31,3.29,3.19,19.59,19.01,88.51,97.12,0.35,-2.27,2.15,0.0,0.27,35.28,4.52,96.94,9.31,0.0,1.07,2.11,1.51,4.34,15.4,2.84,4.72,4.76,141.94,0.0,0.0,60.2,0.0,0.0,0.0,6797.02,199.0,-169.58,2335.04,195.88,39.63,0.87,65.64,39.28,60.37,32.18,67.82,237.22,187.59,105.94,92.14,91.33,0.06,3726.41,0.0,117.7,,3166.15,210.74,133.66,51.6,77.08,0.0,-3.38,45.06,140.01,1.25,2.5,19.26,1.42,35.25,74.27,79.54,1.4,2.1,0.95,1.03,1.34,0.91,1.14,2.97,6.8,1.32,7.19,50.75,2.84,2.87,253.08,1.44,,,0.0,6.95,52.51,1.35,1.37,1.18,0.0,0.31,19372.13,141.4,729.24,21.02,20.39,69.39,466.76,47.53,790.86,17.88,30.29,297.48,19.39,49.07,50.93,14.42,19372.13,3226.61,9506.26,2152.6,1856.03,1090.35,1540.29,141.4,17.88,297.48,19.39,137.0,4423.92,344.83,0.0,0
(주)삼일,32280,2015,5,49,84903,  육상운송 및 파이프라인 운송업 ,1997-03-15,,-11.86,1.59,0.0,0.0,3.6,-35.41,-31.74,67.22,-4.81,-82.15,635.19,691.06,131.89,-4.38,-0.45,21.14,10.04,0.54,21.6,0.83,0.5,20.15,1.1,44.09,0.6,23.96,3.32,132.89,89.96,99.46,27.56,-1.03,0.94,0.0,0.33,25.45,21.03,79.56,10.59,0.0,0.79,0.86,1.49,3.99,19.1,1.62,10.7,4.08,263.89,100.0,46.43,73.6,6.08,1.69,4.8,5865.7,1430.0,-334.2,3501.65,31.69,29.04,0.92,40.93,28.77,70.96,61.06,38.94,359.61,116.22,97.07,107.95,106.96,9.05,5683.9,12.49,140.92,,4033.28,63.78,44.06,0.0,19.72,562.91,2.14,12.04,19.72,0.42,30.82,44.8,2.64,37.15,70.01,96.76,-10.64,-34.4,-4.14,-4.16,0.57,0.93,1.11,2.04,6.15,1.72,8.59,42.48,2.69,2.72,302.3,1.21,,,0.0,6.69,54.58,1.43,1.47,1.33,0.0,0.08,42954.52,327.9,725.98,3.92,156.8,84.06,484.85,46.8,728.97,44.98,67.63,700.7,45.17,25.64,74.36,47.82,42954.52,26725.8,11011.42,896.27,1943.06,826.44,1551.53,327.9,44.98,700.7,45.17,131.0,6202.17,346.51,0.0,0
(주)상보,27580,2012,5,22,32602,  고무 및 플라스틱제품 제조업 ,2007-10-01,,7.24,5.96,0.0,-2.87,0.06,14.36,-44.0,57.51,39.15,80.71,10.7,1.14,21.09,7.0,30.04,3.52,19.45,8.75,3.16,13.36,13.02,4.7,41.99,15.18,14.09,5.09,344.53,124.52,80.55,91.25,-4.32,-3.65,3.74,0.74,0.03,32.6,10.26,95.65,5.94,0.73,0.27,3.83,3.17,13.89,59.02,8.06,24.54,19.41,815.85,100.0,10.78,89.08,30.0,3.28,26.4,17957.68,626.0,1369.96,3759.82,1571.98,53.54,11.05,115.24,47.63,46.46,36.64,63.36,915.85,126.8,113.35,90.73,80.71,38.69,356.26,0.0,139.08,,256.15,172.93,161.06,88.19,11.87,0.0,-5.47,23.25,63.45,2.2,2.19,32.64,8.16,34.92,32.33,64.91,15.24,41.53,9.65,6.72,2.34,1.49,1.61,4.8,39.36,2.15,12.06,30.26,2.86,3.43,17.44,20.93,,,127.25,7.29,50.06,3.09,4.28,1.34,0.08,0.02,43984.86,137.02,789.12,69.08,24.97,45.71,182.8,84.49,549.21,24.95,74.96,162.18,17.36,33.36,66.64,18.22,43984.86,11234.74,14674.11,9469.52,127.14,655.18,7824.16,137.02,24.95,162.18,17.36,321.0,449.76,25.5,99.26,0
(주)상보,27580,2013,5,22,32602,  고무 및 플라스틱제품 제조업 ,2007-10-01,,2.96,24.53,0.0,-2.95,22.44,-13.95,-14.15,11.6,-12.82,-57.88,9.82,32.51,-34.85,23.05,-29.15,-4.88,15.46,4.23,3.99,5.57,5.22,4.92,13.67,12.88,5.7,5.37,131.33,123.76,84.54,95.77,-0.71,-0.48,0.95,0.47,0.09,-2.22,6.09,96.55,7.88,1.86,0.38,0.96,3.36,11.57,57.6,1.89,5.39,5.95,920.41,0.0,19.23,91.54,0.0,0.0,0.0,15401.17,617.0,889.9,4213.91,651.33,44.75,11.02,80.99,39.82,55.25,39.72,60.28,1005.48,139.12,125.05,80.17,71.34,28.14,449.56,0.0,164.16,,273.85,151.79,140.54,90.07,11.25,0.0,-11.07,27.75,69.86,3.44,4.72,36.36,9.2,39.76,41.25,74.04,14.66,31.85,8.84,7.26,4.47,1.23,1.35,3.23,31.05,2.0,8.62,42.33,2.52,2.83,22.79,16.01,,,143.87,5.71,63.96,2.42,3.23,1.16,0.05,0.03,35260.95,89.27,559.07,23.64,22.28,43.48,173.76,82.51,459.51,19.43,51.38,108.19,15.97,48.71,51.29,24.96,35260.95,7781.32,17176.34,2089.26,66.96,828.3,7318.77,89.27,19.43,108.19,15.97,395.0,864.9,34.21,133.34,0
(주)서울제약,18680,2016,5,21,32102,  의료용 물질 및 의약품 제조업 ,2000-08-18,,6.05,8.23,0.0,0.0,4.84,8.19,38.75,9.74,-14.89,0.0,0.0,0.0,-9.85,-6.98,-8.51,12.84,53.26,-5.59,-11.71,-2.31,-2.5,-5.23,-6.05,-12.68,-3.01,-6.3,-58.59,-122.84,46.74,105.59,-7.06,-5.37,5.43,0.06,0.0,0.0,-2.81,112.55,33.54,0.32,0.0,4.79,6.91,8.79,0.0,4.13,5.55,5.72,894.37,100.0,28.09,89.92,3.0,0.3,0.0,5144.05,-613.0,-255.42,4745.52,-287.36,37.05,25.62,58.84,27.56,62.95,41.96,58.04,994.37,150.02,72.89,271.81,202.19,80.91,163.43,40.53,434.26,,37.63,138.3,32.48,16.01,105.82,189.64,23.42,45.8,109.14,-0.95,-1.33,37.74,8.94,82.09,141.65,185.9,-0.46,-0.58,-0.27,-0.62,-1.03,0.45,0.54,1.08,10.49,0.76,12.05,30.3,1.22,1.58,5.32,68.64,,,43.36,2.71,134.63,0.71,0.77,0.77,0.0,0.01,14720.03,73.6,190.34,-10.63,-22.29,72.43,178.07,8.01,438.4,16.79,41.33,918.94,38.67,98.41,1.59,-30.29,14720.03,-4815.6,14485.75,2067.01,0.0,0.0,2982.86,73.6,16.79,918.94,38.67,200.0,199.63,6.72,62.42,1
(주)서울제약,18680,2017,5,21,32102,  의료용 물질 및 의약품 제조업 ,2000-08-18,,-19.86,-16.87,0.0,0.0,-15.89,-26.6,22.41,0.89,-10.55,0.0,0.0,0.0,-52.06,4.5,-14.4,-6.95,50.58,-17.52,-31.06,-7.38,-7.55,-13.39,-16.14,-28.62,-8.57,-15.2,-151.16,-268.04,49.42,117.52,-15.04,-5.38,5.18,-0.23,0.0,0.0,-11.16,132.31,31.02,0.0,0.0,3.89,5.59,6.91,0.0,4.2,8.63,6.11,785.48,100.0,0.65,88.71,3.0,0.34,0.0,4061.23,-1338.0,-135.65,4259.47,-711.45,33.93,42.72,51.35,19.43,66.07,52.83,47.17,885.48,125.07,89.58,129.3,74.06,24.01,83.26,188.53,281.76,,29.55,89.3,49.67,55.55,39.63,272.29,7.69,31.3,59.25,-3.14,-5.28,46.86,7.85,82.7,149.23,200.8,-4.57,-6.88,-2.15,-4.45,-3.38,0.43,0.49,0.92,8.63,0.81,11.09,32.91,1.21,1.8,3.68,99.18,,,24.29,3.08,118.33,0.67,0.72,0.79,0.0,0.01,7374.07,35.28,162.93,-28.54,-50.61,67.39,204.58,51.09,336.22,10.49,17.25,69.06,21.66,191.01,-91.01,-143.44,7374.07,-11086.85,14085.17,1764.15,0.0,0.0,2536.59,35.28,10.49,69.06,21.66,209.0,105.48,4.59,80.89,1
(주)서울제약,18680,2018,5,21,32102,  의료용 물질 및 의약품 제조업 ,2000-08-18,,-0.11,-3.46,0.0,0.0,-2.78,5.07,10.27,-18.35,27.95,0.0,0.0,0.0,44.15,-5.74,35.74,9.3,52.0,-11.27,-17.5,-6.85,-6.99,-10.86,-14.56,-22.61,-7.2,-11.18,-116.4,-180.77,48.0,111.27,-7.33,-3.02,3.11,0.1,0.0,0.0,-8.93,118.49,27.95,0.0,0.0,2.61,4.34,5.57,0.0,3.71,5.45,5.98,614.4,0.0,-58.16,86.0,0.0,0.0,0.0,5134.41,-901.0,-144.64,3433.91,-578.54,35.69,44.84,55.5,19.69,64.31,43.18,56.82,714.4,148.93,83.05,158.15,87.24,29.89,47.89,121.95,218.38,,21.93,131.57,52.26,25.78,79.31,261.01,13.12,38.07,88.16,-3.37,-4.98,37.14,6.14,56.11,105.09,156.1,-2.96,-4.42,-1.68,-2.71,-3.62,0.62,0.64,1.29,10.33,1.19,15.92,22.93,1.78,3.17,4.07,89.71,,,23.83,6.29,58.05,0.95,1.04,1.05,0.0,0.01,10019.16,50.86,221.16,-24.92,-38.7,73.66,209.52,51.49,356.3,14.27,24.27,98.78,23.0,144.84,-44.84,-76.09,10019.16,-8101.87,14511.81,1355.73,0.0,0.0,2253.49,50.86,14.27,98.78,23.0,197.0,64.65,5.33,62.52,1
(주)서울제약,18680,2019,5,21,32102,  의료용 물질 및 의약품 제조업 ,2000-08-18,,1.0,-4.62,0.0,0.0,1.18,0.67,-16.35,-6.14,23.83,0.0,0.0,0.0,84.88,-11.68,40.2,-5.07,56.73,6.79,-3.46,5.35,5.19,-2.65,12.47,-6.36,5.38,-2.75,86.33,-44.06,43.27,93.21,-6.07,-2.37,2.43,0.06,0.0,582.34,-0.8,99.28,22.61,0.0,0.0,2.43,4.64,6.47,49.27,3.18,5.35,5.33,570.57,0.0,-68.49,85.09,3.0,0.45,0.0,6357.95,-220.0,352.05,3227.23,431.67,35.57,37.25,55.22,22.32,64.43,40.13,59.87,670.57,160.53,103.42,94.35,59.2,28.68,85.59,0.0,328.25,,26.07,149.17,93.95,56.36,55.22,0.0,-2.13,37.43,93.26,2.58,1.3,34.15,5.71,46.59,84.16,126.16,2.07,3.32,1.24,1.63,2.8,0.76,0.79,1.84,12.72,1.31,21.96,16.62,2.15,3.64,5.23,69.78,,,35.5,8.04,45.4,1.19,1.34,1.16,0.0,0.01,16361.06,94.03,310.06,21.05,-10.74,69.93,226.26,52.84,407.42,23.08,41.56,177.96,30.33,74.37,25.63,-11.43,16361.06,387.57,12167.46,1308.35,0.0,0.0,2497.69,94.03,23.08,177.96,30.33,174.0,109.15,6.88,57.03,1
(주)시큐브,131090,2015,5,58,105802,  출판업 ,2011-12-21,,4.4,-3.72,0.0,0.0,-25.6,14.81,64.53,0.81,-6.98,0.0,202.43,202.43,16.33,2.13,-8.91,-0.98,57.72,11.09,9.38,6.65,6.01,5.08,8.0,6.77,6.19,5.24,53.02,44.84,42.28,88.91,-1.84,1.12,-1.18,-0.06,0.18,-1.4,4.44,90.9,35.6,0.0,0.0,-1.28,5.5,16.42,21.18,-2.56,0.0,1.87,657.21,100.0,70.36,98.83,20.53,3.09,24.2,2389.34,246.0,508.16,2949.21,265.09,81.64,0.0,444.58,81.63,18.36,73.78,26.22,665.0,24.89,24.82,313.79,313.78,83.43,957716.02,0.01,135.17,,708510.48,35.55,35.26,0.0,0.28,0.37,55.62,0.0,0.0,1407.18,999999999.0,72.91,6.57,144.06,40.6,186.18,45.25,0.0,11.87,22.38,0.0,0.54,0.56,0.72,4.78,2.17,2.56,142.37,0.69,0.69,21207.43,0.02,,,0.0,1.78,204.93,2.46,4.77,0.53,0.0,0.02,6822.28,71.07,154.31,17.12,14.48,50.77,31.75,0.0,291.07,24.42,223.79,0.0,46.05,71.44,28.56,20.38,6822.28,1370.93,4873.57,-174.95,0.0,0.0,752.73,71.07,24.42,0.0,46.05,96.0,0.0,0.0,0.0,1
(주)씨젠,96530,2012,5,21,32004,  의료용 물질 및 의약품 제조업 ,2010-09-10,,6.53,59.44,0.0,0.0,98.7,-16.33,77.01,2.96,31.25,23.75,-2.65,-0.14,-8.32,37.88,-4.81,11.25,67.88,23.64,17.6,16.39,15.08,11.23,29.58,22.02,15.95,11.88,186.88,139.14,32.12,76.36,-3.47,-0.62,0.62,-2.58,0.0,12.73,11.63,80.46,22.68,3.06,0.0,0.75,5.57,15.68,14.89,0.81,4.39,4.48,661.87,0.0,46.54,101.79,0.0,0.0,0.0,3950.78,700.0,280.61,2205.15,934.06,62.93,8.98,169.75,57.28,37.07,50.15,49.85,640.45,73.91,40.63,719.28,654.66,58.86,682.29,10.43,806.99,,84.55,99.38,17.44,0.0,81.94,75.85,54.18,37.58,74.93,8.86,33.37,51.83,6.62,111.68,45.05,151.13,1.01,1.35,0.51,0.82,37.94,0.64,0.67,1.25,7.9,1.3,12.73,28.68,0.9,0.96,13.98,26.11,,,0.0,1.84,198.91,2.22,14.19,0.8,0.32,0.01,22477.1,123.5,284.14,67.18,50.02,53.55,24.61,9.79,459.43,26.88,501.83,1262.11,43.47,43.36,56.64,40.5,22477.1,10430.86,9745.89,322.21,0.0,0.0,2394.16,123.5,26.88,1262.11,43.47,182.0,748.31,15.23,170.06,1
(주)씨젠,96530,2013,5,21,32004,  의료용 물질 및 의약품 제조업 ,2010-09-10,,54.32,3.38,0.0,0.0,7.86,81.69,87.05,101.36,14.08,15.24,5.16,8.17,22.3,-2.2,16.64,22.55,74.21,23.88,16.23,13.99,13.25,9.0,22.3,15.15,13.9,9.44,188.18,127.85,25.79,76.12,-3.56,-0.95,0.95,-0.64,0.0,20.15,9.53,76.85,25.04,4.75,0.0,1.2,6.93,14.93,18.12,1.3,4.13,4.2,999.18,0.0,34.5,98.61,0.0,0.0,0.0,3501.54,586.0,-171.73,4091.79,836.29,74.09,9.25,285.94,67.24,25.91,65.44,34.56,1002.17,39.59,29.39,626.43,568.49,170.11,529.39,11.01,1097.05,,48.26,52.81,18.07,22.31,34.74,36.51,62.26,25.25,38.59,10.48,22.37,65.25,9.99,125.63,54.61,211.21,0.87,1.2,0.3,0.66,25.11,0.55,0.58,0.93,7.88,1.37,14.28,25.56,0.8,0.88,8.69,41.98,,,108.3,1.49,244.59,1.83,12.95,0.69,0.0,0.0,26885.91,151.04,331.42,79.16,53.78,65.62,26.01,11.6,724.94,20.84,580.62,1302.65,45.57,43.45,56.55,35.6,26885.91,11988.76,11680.63,561.05,0.0,0.0,3233.21,151.04,20.84,1302.65,45.57,178.0,822.78,11.8,47.56,1
(주)에스에스알,275630,2018,5,58,105802,  출판업 ,2018-08-06,,0.0,0.0,0.0,0.0,0.0,0.0,0.0,0.0,0.0,0.0,0.0,0.0,0.0,0.0,0.0,0.0,40.21,6.67,7.67,3.51,3.11,3.58,3.74,4.3,3.38,3.89,28.41,32.71,59.79,93.33,0.68,0.62,-0.36,0.26,0.92,-4.52,3.41,92.75,40.78,0.0,0.0,-0.39,6.12,21.28,10.35,-1.01,5.03,5.03,660.5,0.0,15.96,84.44,0.0,0.0,0.0,2519.89,193.0,23.35,4225.41,167.98,84.28,0.0,536.12,84.28,15.72,83.24,16.76,760.5,18.89,18.84,508.67,508.67,86.39,0.0,0.0,304.38,,0.0,20.14,19.9,0.0,0.23,0.29,67.71,4.64,5.57,13.33,999999999.0,72.29,6.6,180.66,33.7,197.32,2.58,9.32,0.43,0.93,0.0,0.47,0.51,0.56,4.26,2.78,5.91,61.72,0.55,0.55,0.0,0.0,,,0.0,1.94,187.88,2.97,6.23,0.46,0.0,0.01,6155.69,60.95,119.48,7.96,9.17,45.74,19.17,0.0,256.12,23.8,317.89,0.0,51.01,75.05,24.95,15.04,6155.69,886.0,4619.97,-43.93,0.0,0.0,693.64,60.95,23.8,0.0,51.01,101.0,0.0,0.0,0.0,1
(주)에스에스알,275630,2019,5,58,105802,  출판업 ,2018-08-06,,2.29,15.07,0.0,0.0,28.28,-2.55,0.0,6.77,7.35,-38.62,14.99,14.99,1.18,5.94,1.33,6.05,39.56,3.81,8.22,2.82,1.89,4.07,2.22,4.78,2.05,4.43,17.24,37.18,60.44,96.19,2.18,1.92,-1.75,0.17,0.49,-37.1,3.2,94.15,41.56,0.0,0.0,-1.82,6.87,26.8,19.63,-5.82,6.21,2.42,693.52,0.0,19.58,85.28,0.0,0.0,0.0,2244.67,184.0,427.48,3858.14,85.55,80.29,0.0,407.26,80.29,19.71,86.88,13.12,793.52,22.69,22.52,644.66,644.66,147.46,0.0,0.0,329.02,,0.0,15.1,14.33,56.92,0.76,0.98,67.83,1.1,1.26,27.34,999999999.0,75.93,6.94,166.14,35.83,187.6,37.15,443.4,4.87,9.95,0.0,0.5,0.54,0.58,4.52,3.32,6.8,53.69,0.6,0.6,0.0,0.0,,,0.0,2.15,169.58,2.79,6.22,0.51,0.0,0.01,6598.12,61.66,121.07,4.61,9.95,48.51,20.83,0.0,247.3,24.93,296.11,0.0,50.93,78.67,21.33,16.14,6598.12,776.71,5190.48,-227.1,0.0,0.0,858.04,61.66,24.93,0.0,50.93,107.0,0.0,0.0,0.0,1
(주)와이어블,65530,2012,5,61,106102,  우편 및 통신업 ,2002-06-04,,23.4,5.25,0.0,0.0,2.18,61.41,0.0,14.58,23.17,14.72,66.77,73.29,-17.41,51.92,-18.92,-12.62,9.97,7.4,7.22,5.46,5.46,5.33,19.09,18.63,6.11,5.97,37.59,36.7,90.03,92.6,1.3,-2.54,2.54,0.0,0.01,18.06,7.2,90.88,5.42,0.22,0.12,2.67,12.77,18.31,151.95,2.62,5.52,7.58,110.34,0.0,40.07,52.18,10.0,4.75,27.25,25416.23,1835.0,12084.25,9828.25,1879.56,46.86,0.0,88.18,46.86,53.14,27.63,72.37,210.34,192.3,112.56,88.77,88.77,28.44,0.0,0.0,254.07,,0.0,261.86,191.02,93.54,70.84,0.0,-5.93,30.8,111.44,2.9,4.43,14.5,1.1,56.81,78.72,135.09,26.82,63.02,19.41,29.06,2.91,0.74,0.83,2.58,5.08,1.03,5.33,68.53,1.76,1.76,0.0,0.0,,,0.0,3.25,112.23,1.27,1.52,0.8,0.0,0.02,45833.16,290.08,850.32,62.88,61.39,43.77,475.39,434.22,1273.2,22.78,61.02,66.81,34.11,15.09,84.91,21.16,45833.16,11686.9,6915.76,3411.04,7242.76,149.25,16290.01,290.08,22.78,66.81,34.11,158.0,0.0,0.0,0.0,0
(주)와이어블,65530,2013,5,61,106102,  우편 및 통신업 ,2002-06-04,,0.05,21.41,0.0,0.0,19.48,-22.0,0.0,12.05,-19.87,10.77,-2.85,-3.83,9.83,-6.33,-14.45,3.14,12.97,10.22,8.75,5.9,5.47,4.68,18.67,15.99,6.1,5.22,41.64,35.65,87.03,89.78,-1.69,-3.12,3.12,0.0,0.0,-0.92,6.35,91.71,6.58,0.25,0.15,3.3,18.29,19.07,145.92,2.36,5.96,6.36,135.69,0.0,46.07,57.31,10.0,4.24,28.05,20366.55,1783.0,14128.16,11123.64,2081.98,36.53,0.0,57.56,36.53,63.47,30.95,69.05,235.69,205.05,119.69,77.77,77.77,34.56,0.0,0.0,187.62,,0.0,223.09,151.77,83.07,71.31,0.0,-10.44,35.23,113.82,2.61,3.74,17.82,1.36,77.93,108.97,166.57,49.85,97.71,34.42,64.35,3.28,0.54,0.6,1.83,4.07,0.76,5.44,67.08,1.28,1.28,0.0,0.0,,,0.0,2.45,148.78,0.92,1.07,0.58,0.0,0.01,47151.12,318.59,727.42,74.36,63.67,45.14,632.61,561.22,1359.86,23.43,50.36,56.77,43.8,14.17,85.83,19.98,47151.12,9186.4,6681.2,3354.93,9206.76,150.44,18577.17,318.59,23.43,56.77,43.8,148.0,0.0,0.0,0.0,0
(주)와이어블,65530,2014,5,61,106102,  우편 및 통신업 ,2002-06-04,,14.05,16.4,0.0,0.0,11.69,18.15,0.0,16.92,54.05,86.41,54.52,56.07,8.34,17.57,31.03,-13.16,14.34,12.37,8.78,9.53,9.52,6.76,30.36,21.55,10.66,7.56,77.62,55.09,85.66,87.63,-1.27,-2.0,2.0,0.0,0.0,21.62,8.3,89.01,4.58,0.13,0.11,2.23,14.39,18.93,143.08,2.25,5.78,5.18,175.57,0.0,53.49,63.46,10.0,3.63,18.15,31374.92,2755.0,11425.37,13227.9,3881.0,37.85,0.0,60.89,37.85,62.15,31.73,68.27,275.57,195.87,134.66,70.29,70.29,30.93,0.0,0.0,157.51,,0.0,215.14,169.69,88.5,45.45,0.0,-16.0,25.11,79.12,6.16,6.54,20.22,1.76,48.36,81.52,123.98,43.1,117.2,29.42,40.72,6.17,0.77,0.86,2.45,6.27,1.12,7.05,51.81,2.07,2.07,0.0,0.0,,,0.0,4.15,87.97,1.23,1.39,0.88,0.0,0.03,60059.35,345.17,953.15,117.9,83.68,39.2,615.37,555.38,1319.15,26.17,56.09,62.15,36.21,11.36,88.64,24.24,60059.35,18405.52,6821.41,3323.84,9897.02,170.26,21441.3,345.17,26.17,62.15,36.21,174.0,0.0,0.0,0.0,0
(주)와이어블,65530,2015,5,61,106102,  우편 및 통신업 ,2002-06-04,,-12.64,-10.06,0.0,0.0,-9.98,-17.01,0.0,7.59,-27.11,-42.41,-43.94,-43.97,-4.6,-4.6,-23.6,-1.29,12.14,9.77,6.75,5.53,5.49,3.8,15.63,10.8,5.96,4.12,44.7,30.88,87.86,90.23,-1.12,-2.07,2.07,0.0,0.0,23.23,4.96,91.48,5.72,0.16,0.15,2.23,21.11,19.34,158.28,1.8,5.86,5.09,196.49,0.0,56.42,66.03,10.0,3.37,32.38,22868.04,1544.0,4840.96,14235.93,2234.94,35.95,0.0,56.14,35.95,64.05,39.08,60.92,296.49,163.89,116.43,79.91,79.91,41.37,0.0,0.0,208.88,,0.0,155.89,115.13,86.06,40.76,0.0,-9.04,22.05,56.44,4.56,5.18,25.9,1.96,65.75,112.13,157.87,35.19,97.21,21.44,35.57,4.72,0.56,0.61,1.6,4.57,0.87,5.68,64.23,1.52,1.52,0.0,0.0,,,0.0,3.24,112.57,0.89,0.99,0.65,0.0,0.02,54661.05,329.28,728.2,71.17,49.17,38.7,648.87,587.79,1207.96,27.26,50.75,56.02,45.22,11.75,88.25,14.93,54661.05,10464.2,6423.97,2504.56,11395.61,168.66,23704.06,329.28,27.26,56.02,45.22,166.0,0.0,0.0,0.0,0
(주)와이어블,65530,2016,5,61,106102,  우편 및 통신업 ,2002-06-04,,-23.3,-13.77,0.0,0.0,-13.75,-40.3,0.0,1.62,-22.36,-15.47,-16.03,-15.99,-16.38,-4.22,-18.94,19.84,13.74,10.64,7.3,5.71,5.64,3.87,12.64,8.68,5.93,4.07,37.78,25.93,86.26,89.36,-1.08,-1.78,1.78,0.0,0.0,24.99,4.81,90.52,8.6,0.23,0.2,1.95,26.19,19.23,200.01,1.7,7.77,5.34,212.46,100.0,60.48,70.26,9.67,3.21,37.3,17755.58,1309.0,3225.46,14372.97,1889.14,27.98,0.0,38.86,27.98,72.02,51.77,48.23,301.28,139.1,102.96,93.11,93.11,44.29,0.0,0.0,455.34,,0.0,93.15,58.05,79.14,35.1,0.0,-2.07,15.06,29.09,5.55,6.38,36.51,2.12,61.34,127.42,155.31,28.74,92.02,13.86,22.72,5.99,0.53,0.56,1.19,3.55,0.96,9.97,36.61,1.63,1.63,0.0,0.0,,,0.0,3.79,96.3,0.78,0.88,0.75,0.0,0.02,43781.44,275.35,590.29,62.8,43.11,46.37,587.96,526.08,967.32,28.47,46.83,52.34,46.65,16.84,83.16,15.66,43781.44,8970.05,7373.56,1667.64,3238.03,167.74,22444.57,275.35,28.47,52.34,46.65,159.0,0.0,0.0,0.0,0
(주)제이테크놀로지,35480,2015,4,91,189102,  스포츠 및 오락관련 서비스업 ,1999-11-18,2019/12/12,5.37,1244.13,0.0,0.0,-19.2,53.38,0.0,3.62,485.07,0.0,0.0,-137.1,-82.84,1029.17,-48.19,-25.41,41.45,1.28,-8.87,2.04,0.88,-6.07,1.11,-7.66,1.27,-8.8,3.21,-22.21,58.55,98.72,-2.31,0.92,-0.92,0.43,0.89,202.33,-6.71,100.98,38.04,0.0,9.13,-0.87,4.1,12.18,18.97,-3.06,84.69,6.36,170.24,0.0,-102.48,62.23,0.0,0.0,0.0,1174.66,-108.0,-344.87,788.71,15.08,49.27,1.34,97.13,48.61,50.73,78.64,21.36,270.24,64.5,60.27,311.35,307.18,121.26,2465.59,1.97,12960.08,,19.02,27.15,20.12,0.0,7.03,16.53,33.45,0.61,0.78,1.65,999999999.0,49.54,1.7,61.03,85.11,146.05,-66.47,-2315.7,-14.19,-21.29,0.0,0.68,0.99,0.86,2.5,3.3,546.69,0.67,1.64,1.65,202.04,1.81,,,0.0,7.87,46.38,1.17,12.05,1.16,0.0,0.02,23668.97,87.34,131.16,1.68,-11.64,53.03,20.26,0.0,196.67,44.41,431.0,0.0,66.59,60.72,39.28,-13.33,23668.97,-365.31,14371.71,-328.69,4995.82,3447.78,1547.66,87.34,44.41,0.0,66.59,271.0,0.0,0.0,0.0,1
(주)제이테크놀로지,35480,2016,4,91,189102,  스포츠 및 오락관련 서비스업 ,1999-11-18,2019/12/12,50.29,-31.94,0.0,0.0,67.36,32.72,-25.65,35.86,-31.23,0.0,0.0,0.0,-79.68,-26.57,-6.35,40.68,-10.36,-77.29,-91.13,-28.3,-28.33,-33.4,-38.22,-45.06,-29.01,-34.2,-98.87,-116.58,110.36,177.29,-9.9,-2.89,2.89,0.3,1.02,0.0,-32.34,180.78,31.13,0.0,5.22,1.48,4.8,9.54,23.69,4.09,8.13,15.67,150.8,0.0,-38.49,59.9,0.0,0.0,0.0,787.98,-349.0,-230.2,1258.42,-609.06,43.51,0.75,77.03,43.19,56.49,71.09,28.91,250.8,79.45,76.85,164.25,163.02,37.83,821.91,1.92,0.0,,0.0,40.66,37.26,0.0,3.39,14.18,17.02,11.06,15.56,-26.24,-29.18,42.75,1.51,125.01,147.86,320.59,-37.96,-99.17,-10.97,-35.95,-26.76,0.37,0.38,0.49,1.28,1.42,730.34,0.5,0.8,0.81,79.69,4.58,,,0.0,4.52,80.82,0.68,5.3,0.54,0.0,0.01,3532.4,17.75,122.84,-94.94,-111.94,74.6,0.0,0.0,0.0,4.41,94.51,0.0,14.45,420.29,-320.29,-630.63,3532.4,-21313.24,14846.2,706.12,4513.61,2490.43,2289.27,17.75,4.41,0.0,14.45,199.0,0.0,0.0,0.0,1
(주)케이바이오컴퍼니,38530,2016,5,46,32604,  도매 및 상품 중개업 ,2000-06-09,,-59.55,-48.34,0.0,0.0,-56.91,-61.98,-96.75,-90.61,56.63,0.0,0.0,0.0,0.0,113.33,-26.58,-44.09,15.35,-88.91,-244.4,-44.09,-44.15,-121.36,-77.48,-212.98,-55.61,-152.87,-30.57,-84.03,84.65,188.91,-155.49,-4.98,4.98,1.18,0.01,0.0,-118.89,239.45,7.91,0.0,0.0,2.04,5.14,17.46,199.9,5.75,0.0,30.82,-92.35,0.0,-1587.3,-1440.79,0.0,0.0,0.0,177.66,-438.0,-121.37,-2.17,-157.96,48.9,1.02,95.69,48.4,51.1,16.99,83.01,6.46,300.77,128.06,81.37,80.54,38.45,1229.02,0.0,0.0,,0.0,488.58,353.72,0.0,134.86,0.0,-11.2,0.0,0.0,-17.43,-48.04,-242.94,-0.92,102.96,98.43,94.41,-74.12,0.0,-61.53,-71.37,-17.84,0.5,0.63,0.87,0.34,1.15,81.3,4.49,0.97,1.07,10.88,33.56,,,27.82,3.37,108.29,1.02,4.9,0.63,0.0,0.01,-19661.53,-204.81,99.88,-88.8,-244.1,19.31,13.89,0.0,115.85,-176.78,-1474.92,-56175787.89,-205.06,0.0,0.0,0.0,-19661.53,-23433.5,1853.8,477.81,517.8,0.0,1204.38,-204.81,-176.78,-56175787.89,-205.06,96.0,0.0,19.38,226.54,1
(주)케이바이오컴퍼니,38530,2017,5,46,74604,  도매 및 상품 중개업 ,2000-06-09,,138.88,-2.7,0.0,0.0,64.56,216.54,880.92,183.89,-47.52,0.0,0.0,0.0,0.0,-68.75,67.92,-2.64,60.47,18.63,-19.18,5.18,4.98,-5.12,25.85,-26.61,6.22,-6.4,5.75,-5.92,39.53,81.37,-37.78,-29.36,29.36,0.0,0.19,0.0,2.72,117.58,8.76,0.0,0.0,22.94,1.71,3.64,0.0,9.71,8.81,17.62,71.88,0.0,-577.25,40.74,0.0,0.0,0.0,211.19,-152.0,-36.88,116.27,39.35,64.8,3.17,184.06,62.75,35.2,20.19,79.81,161.2,174.35,160.7,82.97,80.35,25.64,410.8,0.0,354.4,,115.92,395.26,386.77,0.0,8.49,0.0,-13.3,64.77,320.79,0.62,0.35,9.0,0.72,225.12,149.42,419.49,-17.52,-21.58,-13.98,-73.82,0.63,0.27,0.33,1.39,0.31,0.33,15.93,22.92,0.44,0.46,16.75,21.79,,,117.13,3.44,105.99,0.67,3.83,0.2,0.23,0.01,1313.87,43.8,167.71,31.25,-32.17,18.8,43.24,0.04,885.6,4.95,101.29,110687.89,26.11,42.93,57.07,-73.45,1313.87,-963.05,564.04,1477.36,125.12,0.0,110.4,43.8,4.95,110687.89,26.11,30.0,492.03,22.11,168.73,1
(주)케이바이오컴퍼니,38530,2019,5,46,74604,  도매 및 상품 중개업 ,2000-06-09,,95.63,989.71,0.0,-84.93,191.13,29.31,339.17,4.89,102.89,0.0,0.0,0.0,0.0,115.38,-5.8,-18.4,29.09,-30.21,-279.11,-4.66,-6.21,-57.34,-16.62,-153.58,-12.49,-115.42,-26.83,-247.9,70.91,130.21,-247.43,-26.35,26.35,-0.01,3.55,0.0,-51.93,-6.56,0.0,0.0,0.0,0.0,0.0,32.23,0.0,8.64,7.92,12.04,26.55,0.0,-174.0,20.44,0.0,0.0,0.0,357.22,-1099.0,-111.72,585.67,-107.93,39.01,12.47,63.96,34.14,60.99,28.88,71.12,124.45,211.16,197.83,56.4,49.36,12.59,99.08,0.0,224.09,,44.21,246.22,239.48,97.07,6.74,0.0,-30.16,66.47,230.14,-0.89,-9.54,6.16,0.27,222.82,263.94,281.45,-5.37,-5.74,-3.82,-24.59,-1.15,0.21,0.41,0.55,0.89,0.33,13.52,26.99,0.45,0.49,5.2,70.21,,,71.82,4.9,74.52,0.38,22.82,0.2,0.0,0.01,-25252.68,-450.94,202.2,-61.09,-564.36,41.65,16.23,0.0,1302.6,-34.62,-2778.35,-2525267510.0,-223.02,0.0,0.0,0.0,-25252.68,-31437.5,2332.67,2983.23,351.94,0.0,516.99,-450.94,-34.62,-2525267510.0,-223.02,56.0,166.94,8.53,16.34,1
(주)케이에스인더스트리,101000,2018,5,29,32902,  기타 기계 및 장비 제조업 ,2009-11-06,,-55.59,-75.61,0.0,0.0,-77.94,30.51,-26.54,-51.75,-27.53,0.0,0.0,0.0,0.0,-30.4,4.13,41.66,-6.22,-27.37,-187.52,-15.44,-15.89,-108.87,-46.47,-318.33,-20.08,-137.56,-96.12,-658.43,106.22,127.37,-157.82,-2.94,2.94,0.03,0.0,0.0,-107.16,273.09,3.48,0.0,0.0,1.0,0.97,5.23,0.0,2.59,15.74,5.67,29.96,0.0,-160.84,23.05,0.0,0.0,0.0,1643.9,-50181.0,-127.59,622.91,-450.01,60.58,15.39,153.65,51.26,39.42,36.19,63.81,129.96,108.94,82.27,116.31,98.41,4.69,38.03,109.73,64.02,,59.41,176.31,143.91,50.91,32.4,138.07,8.49,22.29,61.58,-7.37,-62.09,8.34,0.3,56.68,115.57,103.92,7.7,22.04,4.91,5.2,-9.33,0.58,0.73,1.7,3.51,0.88,10.85,33.63,1.76,2.22,8.58,42.55,,,19.29,15.38,23.73,0.87,1.0,0.61,0.08,0.03,-110823.31,-1273.83,756.46,-207.08,-1418.49,76.9,283.52,68.6,801.45,-158.94,-449.29,-1856.81,-168.39,0.0,0.0,0.0,-110823.31,-121878.42,6690.64,1931.88,0.0,0.0,1869.15,-1273.83,-158.94,-1856.81,-168.39,87.0,223.82,58.45,28.06,1
(주)케이지모빌리언스,46440,2014,5,58,105802,  출판업 ,2004-12-14,,22.94,7.67,0.0,0.0,-1.24,31.61,0.0,8.3,25.05,23.75,8.17,8.71,-0.22,19.69,4.49,-21.66,37.49,16.99,10.09,8.95,8.91,5.29,21.19,12.59,10.4,6.18,269.25,159.91,62.51,83.01,-3.59,-1.33,1.33,0.0,0.0,25.23,5.99,86.66,5.69,1.48,0.11,1.53,1.27,8.1,41.26,1.21,2.56,3.58,1224.21,0.0,55.78,93.07,29.46,2.25,18.57,7865.13,811.0,-2010.57,6208.21,1335.94,78.79,0.0,371.37,78.79,21.21,39.63,60.37,1311.04,53.53,45.75,146.91,146.91,0.64,0.0,0.0,2270.53,,0.0,152.35,135.33,87.76,17.02,26.8,25.16,26.19,66.08,12.05,11.06,37.0,12.24,145.8,44.9,183.68,-2.77,-6.39,-1.67,-3.52,12.75,0.52,0.61,1.25,15.85,0.9,105.97,3.44,0.69,0.69,0.0,0.0,,,0.0,5.8,62.95,2.23,7.0,0.42,0.0,0.02,31020.64,204.08,976.14,165.8,98.47,48.34,144.67,6.48,2053.01,9.94,141.06,3151.47,20.91,23.69,76.31,48.25,31020.64,19876.73,7348.01,1976.67,137.03,141.5,1633.27,204.08,9.94,3151.47,20.91,152.0,0.0,0.0,0.0,0
(주)케이지모빌리언스,46440,2015,5,58,105802,  출판업 ,2004-12-14,,23.65,4.19,0.0,0.0,-2.36,30.66,0.0,12.2,16.53,0.34,-47.43,-50.3,-26.58,-10.53,30.24,2.1,34.21,14.63,4.55,7.29,7.25,2.25,19.27,6.0,8.14,2.53,255.59,79.53,65.79,85.37,-8.37,-4.75,0.23,0.05,0.0,28.29,2.37,87.63,4.42,1.31,0.11,0.26,1.48,10.23,38.02,0.18,0.59,0.62,1352.87,100.0,53.11,100.9,28.69,2.14,37.75,8347.77,402.0,-790.44,6348.73,1220.97,83.25,0.0,496.96,83.25,16.75,35.96,64.04,1339.85,46.59,38.51,147.35,147.35,0.66,0.0,0.0,5818.59,,0.0,178.1,157.11,89.15,20.99,28.21,26.75,23.88,66.4,46.59,28.09,36.31,13.53,164.0,37.84,201.58,-10.99,-29.47,-7.04,-15.7,63.38,0.5,0.56,1.32,17.47,0.79,186.39,1.96,0.61,0.61,0.0,0.0,,,0.0,5.62,64.91,2.64,7.7,0.36,0.0,0.02,20377.24,149.83,1271.28,185.94,57.86,49.36,168.47,21.34,2837.26,5.28,88.94,701.98,11.79,32.94,67.06,38.62,20377.24,10809.2,6712.72,399.02,141.18,164.84,2242.85,149.83,5.28,701.98,11.79,136.0,0.0,0.0,0.0,0
(주)케이지이니시스,35600,2012,5,58,105802,  출판업 ,2002-11-22,,15.58,-19.44,0.0,0.0,78.01,-10.44,0.0,23.96,21.85,3.44,87.92,98.61,21.82,11.49,9.29,-0.78,21.44,7.06,10.39,9.39,7.03,10.34,12.06,17.73,10.69,15.72,121.89,179.27,78.56,92.94,6.08,2.36,-2.36,0.0,1.92,20.96,7.99,87.69,5.68,0.0,0.0,-2.53,0.49,14.46,107.61,-5.65,0.0,0.0,1040.16,0.0,0.0,98.67,0.0,0.0,0.0,8627.76,918.0,787.83,5462.7,609.46,54.69,0.01,120.72,54.69,45.31,60.2,39.8,1119.04,75.26,74.23,140.38,140.37,71.8,189872.67,0.02,397.77,,47733.7,66.11,64.72,0.0,1.39,5.31,15.73,0.0,0.0,999999999.0,999999999.0,55.96,10.4,62.35,38.11,62.81,3.13,0.0,1.25,1.34,0.0,1.0,1.51,1.71,17.26,2.39,128.06,2.85,1.6,1.6,61127.17,0.01,,,0.0,22.67,16.1,2.62,37.86,0.96,0.0,0.08,36324.31,187.24,1131.09,79.9,117.51,60.14,26.66,3.63,1218.43,15.37,702.37,5154.64,16.55,32.12,67.88,62.76,36324.31,28843.4,11666.88,-5188.97,0.0,0.0,1003.01,187.24,15.37,5154.64,16.55,194.0,189859.44,61122.91,0.0,0
(주)타이거일렉,219130,2018,5,26,32602,"  전자부품, 컴퓨터, 영상, 음향 및 통신장비 제조업 ",2015-09-25,,4.47,15.32,0.0,0.0,15.11,-5.43,10.86,5.77,0.9,-49.63,-42.37,-41.4,-4.24,0.0,0.9,10.16,15.63,7.0,6.44,5.36,5.14,4.73,5.8,5.34,5.49,5.05,74.78,68.79,84.37,93.0,0.88,0.9,-0.3,0.61,0.07,18.25,4.51,92.21,30.67,0.0,0.0,-0.32,8.05,13.42,73.45,-1.9,0.0,0.0,1225.24,0.0,63.43,92.45,0.0,0.0,0.0,5344.44,344.0,662.22,6541.4,373.88,46.91,27.82,88.35,33.86,53.09,89.15,10.85,1325.24,59.55,57.03,678.93,490.07,259.54,115.5,32.62,768.83,,15.02,12.17,7.75,0.0,4.42,9.85,40.0,0.0,0.0,999999999.0,999999999.0,82.42,12.25,67.11,68.99,132.83,96.36,0.0,10.45,14.54,0.0,0.73,0.78,0.83,10.69,6.45,37.69,9.69,1.49,2.01,5.79,62.99,,,56.65,4.51,80.96,1.45,1.59,1.3,0.0,0.01,14927.75,82.93,187.48,13.12,12.07,53.6,0.0,0.0,0.0,31.81,67.39,99.43,44.24,64.63,35.37,14.55,14927.75,2656.63,9648.05,-99.59,191.41,0.0,2531.26,82.93,31.81,99.43,44.24,180.0,192.22,9.8,18.9,1
(주)타이거일렉,219130,2019,5,26,32602,"  전자부품, 컴퓨터, 영상, 음향 및 통신장비 제조업 ",2015-09-25,,28.87,17.82,0.0,0.0,30.93,26.53,-4.81,4.35,3.9,-38.12,-25.74,-20.25,-1.8,0.0,3.9,1.91,12.15,4.17,4.6,2.96,2.72,3.0,3.42,3.77,3.13,3.45,46.27,51.09,87.85,95.83,0.58,0.57,-0.22,0.34,0.0,3.13,2.86,95.31,29.08,0.0,0.0,-0.23,9.18,14.92,86.85,-0.71,0.41,0.82,1282.9,0.0,64.95,92.77,0.0,0.0,0.0,5552.89,255.0,539.93,6829.7,231.36,46.06,20.92,85.39,36.42,53.94,72.19,27.81,1382.9,74.72,71.59,186.81,147.72,88.03,127.56,45.03,789.62,,16.15,38.52,34.15,99.94,4.37,14.74,21.4,19.88,27.54,29.7,999999999.0,66.97,12.83,71.12,82.05,138.81,22.57,31.56,6.28,10.82,0.0,0.65,0.75,0.82,11.11,3.2,37.67,9.69,1.41,1.85,5.87,62.21,,,51.99,4.83,75.51,1.22,1.42,1.03,0.0,0.01,14659.65,81.44,194.79,8.12,8.96,54.63,0.0,0.0,0.0,24.24,72.82,111.6,41.81,67.07,32.93,11.0,14659.65,1665.0,9832.72,-77.99,134.62,0.0,3104.57,81.44,24.24,111.6,41.81,180.0,257.79,10.68,18.41,1
(주)티에스넥스젠,43220,2012,5,29,32604,  기타 기계 및 장비 제조업 ,2001-07-03,,-37.26,-64.47,0.0,156.98,-51.09,-25.96,52.84,-63.86,-86.23,0.0,0.0,0.0,-1886.45,-43.48,-75.63,26.13,-2.42,-114.0,-204.0,-37.49,-37.74,-67.54,-73.73,-131.93,-51.31,-91.83,-50.43,-90.24,102.42,214.0,-90.0,-5.59,5.59,-0.49,0.0,0.0,-65.69,274.25,9.45,0.0,0.0,1.96,19.97,71.46,113.81,3.79,5.98,5.8,81.17,0.0,-436.92,472.68,0.0,0.0,0.0,122.7,-4938.0,-91.11,99.4,-139.88,64.92,63.61,185.04,23.63,35.08,35.25,64.75,181.17,99.52,73.8,123.75,45.04,5.92,28.99,331.45,130.98,,22.13,183.67,148.81,76.57,34.86,98.64,12.46,45.55,129.21,-17.98,-35.5,15.79,0.81,177.68,124.37,157.96,-25.58,-36.37,-16.56,-38.58,-20.4,0.33,0.45,0.65,0.44,0.68,7.52,48.51,0.56,1.02,1.26,290.31,,,67.85,4.46,81.87,0.8,23.12,0.34,0.0,0.0,-4048.51,-311.42,270.24,-308.08,-551.31,72.8,6.13,3.49,629.34,-49.48,-5082.7,-8935.55,-115.24,0.0,0.0,0.0,-4048.51,-7166.99,946.43,196.35,0.0,0.0,2000.1,-311.42,-49.48,-8935.55,-115.24,13.0,45.06,2.76,2.39,0
(주)티에스넥스젠,43220,2013,5,29,32604,  기타 기계 및 장비 제조업 ,2001-07-03,,134.22,114.54,0.0,58.47,119.61,142.12,-80.61,77.94,334.77,0.0,0.0,0.0,0.0,-7.69,371.0,60.89,15.55,-4.38,-10.48,-4.89,-4.89,-11.71,-16.69,-39.94,-6.51,-15.58,-29.84,-71.4,84.45,104.38,-6.1,-5.56,5.56,0.13,0.0,0.0,-5.49,110.22,8.14,0.0,0.0,4.92,0.95,13.29,581.61,8.79,6.47,10.08,77.46,0.0,-31.19,284.11,0.0,0.0,0.0,3636.37,-389.0,-1668.07,1219.22,-159.29,67.11,5.09,204.0,63.69,32.89,26.78,73.22,177.46,122.83,39.71,390.88,370.97,122.16,1006.49,6.85,3942.65,,25.53,273.4,64.1,19.23,209.3,112.24,49.94,68.58,256.08,-0.79,-0.88,11.69,0.77,59.48,30.03,98.15,-34.27,-36.58,-25.09,-31.48,-0.79,1.12,1.49,3.81,6.81,1.58,33.39,10.93,1.68,2.16,7.57,48.19,,,519.04,4.03,90.48,3.33,121.93,1.19,0.0,0.01,818.52,68.21,1272.84,-55.76,-133.39,117.13,14.24,1.17,1596.88,4.27,478.97,5821.97,5.36,171.73,-71.73,-195.55,818.52,-1600.63,1405.6,849.86,0.0,0.0,163.69,68.21,4.27,5821.97,5.36,12.0,26214.53,13.89,17.21,0
(주)한진피앤씨,61460,2012,4,22,32202,  고무 및 플라스틱제품 제조업 ,2002-04-11,2017/09/29,9.78,28.05,0.0,0.0,19.68,-21.06,-8.44,1.34,-4.89,-28.72,0.0,0.0,0.0,6.18,-10.43,305.29,12.0,2.03,-16.15,1.59,1.38,-10.95,3.35,-26.66,1.69,-13.43,18.13,-144.27,88.0,97.97,-14.24,-4.81,3.98,-0.12,0.02,0.0,-8.25,112.02,10.47,0.14,0.63,3.5,4.3,8.37,0.0,4.58,5.83,6.31,414.08,0.0,-30.48,80.79,0.0,0.0,0.0,4216.39,-749.0,438.75,2198.24,85.56,17.47,37.09,21.17,10.99,82.53,39.49,60.51,514.08,208.96,145.97,40.2,25.29,0.05,96.46,0.0,85.53,,112.77,153.2,110.04,65.54,43.15,0.0,-25.99,47.85,121.16,0.47,-2.07,31.81,4.14,30.57,116.91,116.77,8.3,10.5,5.02,7.75,0.51,0.68,0.83,1.65,8.93,1.15,8.69,42.0,3.27,4.97,9.56,38.19,,,47.04,8.51,42.87,0.86,1.05,1.02,0.11,0.03,9739.45,33.35,349.74,7.1,-56.47,41.65,282.98,75.7,539.84,6.18,11.79,44.06,9.54,124.88,-24.88,-169.31,9739.45,-12467.78,12162.77,4067.51,0.0,733.39,4998.8,33.35,6.18,44.06,9.54,292.0,221.58,45.94,338.74,1
(주)한진피앤씨,61460,2013,4,22,32202,  고무 및 플라스틱제품 제조업 ,2002-04-11,2017/09/29,-30.61,-28.49,0.0,0.0,-34.24,-13.48,-52.35,-92.94,-16.54,0.0,0.0,0.0,-509.79,-2.74,-14.19,16.5,9.92,-4.53,-74.3,-2.73,-2.89,-47.43,-11.58,-190.03,-3.43,-56.27,-31.88,-522.91,90.08,104.53,-69.77,-6.07,5.95,-0.13,0.0,0.0,-43.64,171.99,9.11,0.1,0.43,3.35,3.31,9.16,0.0,5.06,6.29,6.62,-63.72,0.0,-1874.36,-255.02,0.0,0.0,0.0,3518.86,-2615.0,-137.12,35.57,-159.38,21.79,20.42,27.86,17.34,78.21,4.02,95.98,36.28,1947.29,127.06,56.67,45.1,19.62,193.75,0.0,86.75,,223.35,2389.75,957.24,26.54,1432.52,0.0,-16.66,76.78,1911.76,-0.73,-11.5,-7.06,-0.64,30.14,126.5,124.17,3.48,4.35,3.34,4.29,-0.76,0.64,0.76,2.56,7.04,0.85,7.61,47.94,3.32,4.7,11.3,32.29,,,33.14,8.84,41.29,0.79,0.91,1.05,0.08,0.04,-38817.93,-136.68,300.1,-13.59,-222.98,48.52,276.06,66.72,385.12,-35.49,-49.51,-204.85,-45.55,0.0,0.0,0.0,-38817.93,-63326.26,13780.89,5067.48,0.0,653.11,5006.86,-136.68,-35.49,-204.85,-45.55,284.0,457.48,26.19,80.08,1
경남제약(주),53950,2012,5,21,32102,  의료용 물질 및 의약품 제조업 ,2001-11-06,,-3.98,5.08,0.0,0.0,7.4,-12.63,-8.48,32.09,-9.25,154.72,0.0,0.0,30.4,-8.3,-1.04,-13.35,49.29,11.5,0.01,6.15,5.75,0.01,21.62,0.02,8.38,0.01,24.48,0.03,50.71,88.5,-13.12,-8.57,8.57,0.01,3.04,0.0,4.3,101.58,21.83,0.0,0.0,8.23,2.11,11.45,99.76,5.84,8.67,8.18,10.42,0.0,-29.16,15.46,0.0,0.0,0.0,960.12,1.0,97.24,573.03,110.4,51.69,27.59,107.0,37.43,48.31,30.92,69.08,110.41,156.23,139.42,79.1,57.28,3.54,176.27,0.0,515.67,,34.18,223.41,211.35,95.41,12.06,0.0,-13.66,55.25,178.67,1.23,0.81,2.92,0.1,108.54,91.34,129.1,10.72,13.41,7.41,14.5,1.34,0.5,0.73,1.88,2.13,0.68,7.06,51.67,0.92,1.26,3.42,106.64,,,17.53,1.8,203.31,1.09,1.26,0.45,0.0,0.0,12852.22,52.89,165.86,19.07,0.02,37.7,40.67,10.5,324.78,16.28,130.04,503.53,31.89,71.29,28.71,0.04,12852.22,-651.67,9161.9,3455.48,0.0,0.0,886.51,52.89,16.28,503.53,31.89,243.0,261.29,5.73,16.47,1
경남제약(주),53950,2013,5,21,32102,  의료용 물질 및 의약품 제조업 ,2001-11-06,,-33.31,-42.13,0.0,0.0,-24.9,-41.16,-33.19,-53.67,-18.72,-88.67,0.0,0.0,-165.48,-5.76,-13.76,6.76,46.53,1.6,-50.7,1.05,0.8,-25.25,2.94,-93.02,1.2,-38.13,3.87,-122.49,53.47,98.4,-64.22,-8.05,8.05,0.03,3.86,0.0,-21.24,161.85,17.17,0.0,0.0,4.91,1.35,10.16,107.17,5.5,8.26,7.23,125.29,0.0,-209.23,67.07,0.0,0.0,0.0,674.82,-1694.0,-5.34,225.71,10.81,45.6,31.32,83.83,31.32,54.4,21.48,78.52,225.27,253.23,173.56,66.42,45.61,5.08,191.31,0.0,592.79,,32.27,365.51,319.61,87.98,45.9,0.0,-23.05,64.47,300.14,0.19,-6.78,11.95,1.25,98.91,101.9,107.12,4.62,5.63,3.63,5.83,0.2,0.5,0.75,1.83,2.42,0.68,10.44,34.95,1.01,1.42,3.49,104.59,,,14.59,1.91,190.66,0.98,1.27,0.43,0.0,0.0,-7931.05,-34.63,143.04,2.29,-72.53,40.25,42.17,11.24,229.85,-15.07,-82.14,-308.12,-24.21,0.0,0.0,0.0,-7931.05,-20510.48,9217.88,2636.54,0.0,0.0,725.0,-34.63,-15.07,-308.12,-24.21,229.0,348.91,5.59,26.24,1
대한그린파워(주),60900,2014,5,35,64202,"  전기, 가스, 증기 및 공기조절 공급업 ",2002-09-17,,-59.91,0.6,0.0,0.0,-48.84,-86.86,-98.69,0.0,-39.33,0.0,0.0,0.0,0.0,-5.0,-36.13,18.75,-28.74,-62.85,-395.41,-15.53,-18.6,-116.99,0.0,0.0,-51.62,-324.74,-42.52,-267.52,128.74,162.85,-327.06,-19.95,19.95,-0.03,0.0,0.0,-111.09,441.64,4.33,0.0,0.0,3.96,0.36,7.41,21.32,5.37,11.47,11.17,0.0,0.0,0.0,0.0,0.0,0.0,0.0,334.21,-1348.0,-170.71,0.0,-210.05,9.55,3.2,10.55,9.24,90.45,0.0,199.5,0.0,0.0,0.0,4.79,4.63,0.17,1836.15,0.0,107.33,,1710.71,0.0,0.0,0.0,0.0,0.0,-189.96,136.54,0.0,-2.07,-18.54,0.0,0.0,79.49,258.49,68.16,-9.28,-13.55,-18.51,-35.8,-3.15,0.3,0.82,0.0,0.68,0.27,5.79,62.99,1.26,1.77,4.37,83.51,,,0.0,3.69,98.93,0.39,3.02,0.29,0.44,0.01,-42578.15,-1120.48,323.57,-203.36,-1279.42,70.65,107.36,30.48,625.89,-179.02,-1043.71,-3676.41,-346.29,0.0,0.0,0.0,-42578.15,-47941.03,2684.69,2453.33,0.0,0.0,224.85,-1120.48,-179.02,-3676.41,-346.29,38.0,0.0,234.34,182.04,1
대한그린파워(주),60900,2015,5,35,64202,"  전기, 가스, 증기 및 공기조절 공급업 ",2002-09-17,,-18.74,21.56,0.0,0.0,-35.14,136.64,2294.88,0.0,27.02,0.0,0.0,0.0,0.0,-39.47,109.85,-22.03,-25.8,-46.61,-49.36,-29.97,-33.77,-35.76,0.0,0.0,-71.15,-75.34,-52.5,-55.59,125.8,146.61,0.67,25.88,5.46,-0.24,0.0,0.0,-31.8,130.45,4.12,0.0,0.0,2.78,1.7,11.66,19.15,3.27,48.03,9.3,94.82,0.0,-493.51,48.83,0.0,0.0,0.0,1478.0,-1889.0,-1686.46,1210.33,-688.92,27.8,32.42,38.51,18.79,72.2,75.22,24.78,194.73,95.98,87.38,160.03,108.15,19.36,111.85,86.42,1093.66,,10.23,32.94,23.09,58.92,9.84,71.0,10.43,18.02,23.96,-4.35,-7.41,36.63,0.95,24.47,113.55,77.37,-251.63,-345.93,-62.35,-77.16,-8.53,0.72,1.53,0.0,1.13,0.6,21.96,16.62,4.09,5.36,17.21,21.21,,,587.45,9.51,38.37,0.88,3.46,0.53,0.21,0.02,-4531.64,-197.03,679.01,-316.5,-335.14,55.09,215.62,87.63,840.33,-23.45,-91.38,-224.84,-29.02,0.0,0.0,0.0,-4531.64,-7174.19,1266.96,853.31,0.0,0.0,522.29,-197.03,-23.45,-224.84,-29.02,23.0,1290.55,206.89,44.57,1
더라미(주),32860,2012,6,38,53803,"  폐기물 수집, 운반, 처리 및 원료 재생업 ",1997-07-04,,-8.79,7.32,0.0,46.84,3.92,-18.41,-33.92,-15.48,10.42,0.0,0.0,-1076.84,-151.98,-65.73,222.23,53.6,2.94,-1.38,-7.66,-2.17,-2.26,-12.54,-11.15,-61.92,-2.83,-15.74,-21.72,-120.57,97.06,101.38,-5.67,-2.7,2.7,0.39,0.01,0.0,-8.12,106.97,1.57,0.0,0.0,2.49,0.63,8.76,22.72,5.54,7.78,8.41,90.74,0.0,-40.64,63.91,0.0,0.0,0.0,7336.05,-567.0,-596.25,808.36,-101.2,50.91,51.52,103.72,24.68,49.09,19.45,80.55,166.24,252.43,134.36,80.22,38.89,4.03,35.91,0.0,73.38,,48.94,414.25,326.38,72.92,87.87,0.0,-12.55,60.8,312.68,-0.5,-1.61,10.61,0.91,33.01,28.06,44.2,-16.76,-22.21,-13.5,-7.87,-0.51,1.64,2.05,8.09,15.74,2.05,9.03,40.43,3.03,7.24,5.21,70.1,,,228.39,15.41,23.69,3.56,5.29,1.42,0.09,0.02,-2817.09,-57.49,3716.39,-51.27,-284.61,63.03,501.33,205.58,2165.35,-2.66,-11.47,-27.97,-1.55,0.0,0.0,0.0,-2817.09,-12842.1,3088.67,4916.75,880.58,0.0,1236.81,-57.49,-2.66,-27.97,-1.55,49.0,150.67,11.99,9.63,0
더라미(주),32860,2013,6,38,53803,"  폐기물 수집, 운반, 처리 및 원료 재생업 ",1997-07-04,,10.08,7.32,0.0,197.02,35.21,-14.15,-56.78,-2.99,8.31,0.0,0.0,0.0,0.0,-48.98,112.29,41.29,-7.75,-11.98,-14.41,-21.15,-21.2,-25.5,-116.23,-139.86,-28.87,-34.74,-107.86,-129.79,107.75,111.98,-2.62,-2.79,2.79,1.03,0.02,0.0,-20.57,114.29,0.97,0.0,0.0,2.39,0.8,12.0,34.6,6.04,8.11,8.35,-26.55,0.0,-183.13,-32.02,0.0,0.0,0.0,5916.36,-716.0,-526.3,595.53,-708.59,39.71,25.94,65.85,29.41,60.29,17.14,82.86,63.76,351.86,214.48,55.23,40.91,0.1,151.87,0.0,88.05,,172.47,483.57,419.51,82.05,64.05,0.0,-32.18,58.55,341.68,-4.26,-4.23,-7.13,-0.27,25.45,31.06,42.15,-16.71,-23.65,-13.85,-8.2,-4.29,1.77,2.41,9.7,9.01,2.16,11.48,31.8,3.93,6.52,9.9,36.88,,,332.65,13.96,26.15,3.22,5.34,1.57,0.08,0.03,-18431.86,-737.27,7889.37,-944.9,-1136.96,89.06,1097.27,377.39,4672.01,-15.78,-67.19,-195.36,-9.35,0.0,0.0,0.0,-18431.86,-28785.39,2226.54,5500.54,992.69,0.0,1848.71,-737.27,-15.78,-195.36,-9.35,25.0,9744.63,57.84,13.11,1
더라미(주),32860,2014,6,38,53803,"  폐기물 수집, 운반, 처리 및 원료 재생업 ",1997-07-04,,-32.24,-17.8,0.0,-15.79,-23.88,-44.94,-24.4,0.0,-5.85,0.0,0.0,0.0,0.0,-28.0,30.76,-20.45,-0.85,-6.51,-18.11,-12.21,-12.35,-34.33,0.0,0.0,-17.61,-48.98,-35.08,-97.54,100.85,106.51,-10.64,-2.56,2.56,-0.38,0.01,0.0,-29.47,116.96,0.58,0.0,0.0,2.17,0.87,12.91,44.12,5.33,7.78,7.45,0.0,0.0,0.0,0.0,0.0,0.0,0.0,2471.06,-504.0,-52.8,0.0,-160.95,32.26,35.61,47.63,20.77,67.74,0.0,103.32,0.0,0.0,0.0,36.07,23.22,0.07,75.78,0.0,74.45,,101.79,0.0,0.0,83.48,0.0,0.0,-57.19,79.44,0.0,-2.47,-5.69,0.0,0.0,19.36,33.4,29.18,-13.16,-17.11,-13.59,-5.79,-2.54,1.9,2.7,0.0,5.39,2.08,12.38,29.48,5.16,7.31,17.58,20.76,,,0.0,14.76,24.72,2.99,5.33,1.64,0.05,0.06,-23688.96,-1316.05,10316.45,-671.94,-1868.51,70.85,1302.49,593.28,4396.73,-29.93,-101.04,-221.83,-12.76,0.0,0.0,0.0,-23688.96,-31850.81,1275.3,4760.19,490.54,0.0,1911.75,-1316.05,-29.93,-221.83,-12.76,18.0,2130.16,726.85,20.62,1
더라미(주),32860,2015,6,38,53803,"  폐기물 수집, 운반, 처리 및 원료 재생업 ",1997-07-04,,-60.43,-99.52,0.0,0.0,-99.47,21.55,-76.87,0.0,-70.2,0.0,0.0,0.0,0.0,22.22,-75.62,-32.25,13.49,1.67,-62.72,2.04,1.68,-62.84,0.0,0.0,3.04,-113.98,4.02,-150.55,86.51,98.33,2.5,-1.83,1.83,-0.99,0.01,0.0,-61.01,96.3,1.76,0.0,0.0,1.69,2.39,17.76,8.84,1.57,0.0,3.86,0.0,0.0,0.0,0.0,0.0,0.0,0.0,1218.59,-767.0,-7.65,0.0,20.38,99.1,6.78,10973.89,92.38,0.9,0.0,150.13,0.0,0.0,0.0,102.86,95.89,2.72,68.02,243.74,212.74,,31.97,0.0,0.0,0.0,0.0,1952.27,2.76,0.0,0.0,0.76,3.28,0.0,0.0,51.11,48.69,12.13,-4.59,0.0,-6.89,-3.9,0.91,1.0,1.82,0.0,2.4,0.86,11.15,32.74,1.96,2.44,9.89,36.92,,,0.0,13.3,27.44,2.05,3.5,0.7,0.08,0.03,6017.92,273.54,2515.5,42.08,-1577.68,48.0,6.88,0.77,1423.63,19.21,3975.62,35395.37,10.87,17.55,82.45,-576.76,6017.92,2311.41,1056.08,1012.52,200.67,0.0,1437.23,273.54,19.21,35395.37,10.87,22.0,109.77,68.04,13.48,1
디에스티(주),33430,2012,4,29,32902,  기타 기계 및 장비 제조업 ,1998-05-25,2021/09/02,-13.27,-40.88,0.0,-40.16,-39.78,53.81,0.0,-27.81,7.41,0.0,0.0,0.0,-790.59,-30.77,55.15,22.6,9.64,-33.2,-77.83,-7.84,-7.84,-18.38,-18.31,-42.92,-27.85,-65.28,-14.47,-33.92,90.36,133.2,-44.63,-13.89,13.89,-1.13,0.18,0.0,-15.1,147.08,5.98,0.0,0.0,9.4,3.88,77.55,183.54,5.74,9.8,9.37,-33.36,0.0,-65.51,-49.61,0.0,0.0,0.0,207.14,-170.0,5.94,314.5,-68.77,50.23,0.0,100.91,50.23,49.77,38.66,61.34,60.81,128.75,100.07,99.93,99.93,3.07,0.0,0.0,17.13,,0.0,158.67,130.02,73.98,28.66,0.0,-0.03,36.08,93.34,-2.39,-4.6,-21.21,-0.33,162.98,260.39,108.02,-6.2,-10.53,-3.8,-14.95,-2.39,0.24,0.84,0.55,0.44,0.41,7.37,49.51,0.61,0.62,35.9,10.17,,,0.0,5.72,63.76,0.38,70.64,0.32,0.03,0.04,-3892.32,-432.48,924.76,-307.02,-719.71,81.8,9.73,0.0,3636.85,-11.89,-4445.89,-43248005.11,-46.77,0.0,0.0,0.0,-3892.32,-6477.43,736.16,1156.33,215.07,0.0,477.56,-432.48,-11.89,-43248005.11,-46.77,9.0,0.0,47.43,147.56,0
삼영이엔씨(주),65570,2012,5,26,32604,"  전자부품, 컴퓨터, 영상, 음향 및 통신장비 제조업 ",2003-01-21,,10.17,27.38,0.0,0.0,13.43,9.1,5.44,10.85,-1.34,1.89,-7.87,-7.87,-17.18,15.87,-14.85,-6.99,47.35,22.77,17.62,14.5,14.48,11.21,17.22,13.32,14.59,11.29,224.78,173.95,52.65,77.23,-3.04,-2.99,0.56,-2.43,0.14,10.7,11.57,80.4,18.35,0.0,0.0,0.69,6.16,12.95,32.98,2.25,5.14,6.22,1331.14,100.0,81.73,96.96,39.61,2.89,22.77,4935.44,922.0,596.63,5718.22,1123.92,74.47,46.63,291.68,39.75,25.53,84.38,15.62,1372.9,30.26,30.26,476.71,254.43,34.4,90.73,59.01,1525.31,,5.95,18.51,18.51,0.0,0.0,0.0,58.85,6.84,8.11,39.23,36.18,81.81,13.31,117.63,39.59,163.79,44.62,101.84,6.97,11.49,40.6,0.64,0.64,0.76,9.87,4.01,20.39,17.9,0.85,1.62,1.79,203.53,,,5.35,2.02,180.9,2.53,5.28,0.71,0.0,0.0,17430.48,59.69,148.74,33.87,26.21,22.09,31.58,3.41,245.18,24.35,189.04,1751.95,40.13,37.01,62.99,43.91,17430.48,8570.79,6450.84,243.62,0.0,0.0,2165.23,59.69,24.35,1751.95,40.13,292.0,281.64,6.09,4.84,1
삼영이엔씨(주),65570,2013,5,26,32604,"  전자부품, 컴퓨터, 영상, 음향 및 통신장비 제조업 ",2003-01-21,,8.93,43.4,0.0,0.0,23.35,3.99,3.55,16.03,3.4,-7.76,-2.15,-2.15,9.52,-7.53,11.83,12.23,43.82,20.32,16.68,12.21,12.2,10.01,13.98,11.48,12.27,10.07,207.35,170.22,56.18,79.68,-1.15,-0.93,0.23,-0.7,0.4,12.97,10.15,81.05,18.19,0.0,0.0,0.28,6.1,11.81,27.25,1.09,3.49,2.82,1493.04,0.0,78.39,93.72,42.0,2.64,24.67,5103.32,870.0,704.46,6769.19,1036.74,71.09,46.43,245.9,38.08,28.91,89.88,10.12,1593.04,32.16,30.71,1213.99,650.32,86.94,92.4,50.6,1615.66,,5.72,11.26,6.52,0.0,4.74,6.54,65.23,4.26,4.74,78.71,83.83,84.24,14.93,121.08,45.45,172.8,72.54,172.17,7.34,12.75,87.81,0.6,0.6,0.69,10.21,4.71,30.44,11.99,0.83,1.54,1.78,205.63,,,7.13,1.94,188.32,2.2,4.0,0.72,0.0,0.0,17651.02,65.37,166.33,33.79,27.74,24.79,48.97,3.07,288.83,22.63,133.5,2128.07,39.3,37.93,62.07,42.43,17651.02,8605.69,6694.56,103.9,0.0,0.0,2246.87,65.37,22.63,2128.07,39.3,270.0,243.66,5.05,4.44,1
삼영이엔씨(주),65570,2014,5,26,32604,"  전자부품, 컴퓨터, 영상, 음향 및 통신장비 제조업 ",2003-01-21,,12.81,37.88,0.0,0.0,24.15,8.2,7.86,7.74,-4.8,-13.25,-2.9,-2.9,0.72,4.07,-8.53,7.54,41.34,18.51,17.01,9.55,9.54,8.76,10.87,9.99,9.58,8.81,179.87,165.29,58.66,81.49,1.64,1.6,0.13,1.73,0.26,15.58,8.83,80.47,21.11,0.0,0.0,0.16,6.59,9.78,22.35,0.54,1.21,1.5,1616.33,0.0,79.7,94.17,42.0,2.45,25.41,4858.27,826.0,915.39,7325.34,899.35,68.19,46.28,214.32,36.63,31.81,85.84,14.16,1716.33,37.06,34.8,795.32,427.23,60.23,92.79,52.94,1461.37,,6.35,16.5,9.99,14.84,6.51,9.38,59.61,6.18,7.2,120.26,156.73,80.84,16.16,135.0,59.1,204.75,57.2,131.09,8.1,16.67,143.07,0.52,0.52,0.59,9.72,4.2,26.43,13.81,0.74,1.38,1.6,228.4,,,6.19,1.73,211.51,1.69,2.72,0.67,0.0,0.0,18501.65,65.84,152.15,28.16,25.88,26.66,64.88,4.39,313.09,21.03,101.49,1500.0,43.28,40.5,59.5,39.31,18501.65,8614.45,7492.5,55.32,0.0,0.0,2339.39,65.84,21.03,1500.0,43.28,281.0,262.64,4.37,4.25,1
삼영이엔씨(주),65570,2015,5,26,32604,"  전자부품, 컴퓨터, 영상, 음향 및 통신장비 제조업 ",2003-01-21,,0.58,-3.44,0.0,0.0,1.39,0.21,-3.19,4.52,-18.78,-37.72,-27.66,-27.66,-9.83,-5.69,-13.88,3.88,43.22,14.19,15.15,5.62,5.59,5.96,6.38,6.81,5.62,6.0,112.02,119.57,56.78,85.81,2.87,2.76,0.36,3.11,0.18,11.23,6.1,83.58,24.34,0.0,0.0,0.41,7.77,8.72,25.75,1.13,3.28,3.02,1693.9,0.0,80.34,94.43,46.2,2.58,38.64,3945.82,598.0,1461.95,7588.71,560.11,67.93,44.71,211.84,37.56,32.07,89.19,10.81,1793.9,35.95,34.39,1006.42,556.45,203.11,71.83,49.64,1855.03,,3.87,12.11,7.57,23.24,4.55,6.63,61.18,5.23,5.87,32.47,48.64,84.22,16.94,172.94,81.17,252.96,109.4,225.92,11.82,30.12,39.62,0.39,0.4,0.45,7.89,3.15,24.77,14.74,0.58,1.06,1.27,287.18,,,5.36,1.54,236.87,1.23,1.94,0.52,0.0,0.0,15733.33,59.37,131.03,18.6,19.85,27.7,66.43,4.02,333.94,17.78,89.38,1476.38,45.31,46.65,53.35,33.44,15733.33,5926.46,7339.74,124.4,0.0,0.0,2342.74,59.37,17.78,1476.38,45.31,265.0,171.91,3.3,3.37,1
삼영이엔씨(주),65570,2016,5,26,32604,"  전자부품, 컴퓨터, 영상, 음향 및 통신장비 제조업 ",2003-01-21,,5.2,-3.92,0.0,0.0,3.25,6.13,12.28,6.61,3.22,62.15,43.61,43.61,20.51,-3.02,6.43,1.02,46.23,22.3,21.08,8.92,8.8,8.32,9.8,9.27,8.88,8.39,181.65,171.72,53.77,77.7,2.27,2.12,0.01,2.13,0.07,14.21,8.32,76.3,25.35,0.0,0.0,0.01,8.41,8.67,28.15,0.03,3.04,2.64,1812.54,0.0,81.68,94.77,51.0,2.67,29.7,4072.75,859.0,681.91,7995.23,908.24,68.53,47.3,217.73,36.11,31.47,90.39,9.61,1912.54,34.82,33.82,986.17,519.67,171.06,66.71,52.64,1583.37,,4.21,10.63,7.69,30.28,2.94,4.32,61.58,3.82,4.22,74.05,3217.5,85.66,18.13,172.87,80.47,257.42,105.43,265.42,10.13,26.32,2918.83,0.39,0.4,0.44,8.15,3.87,31.0,11.77,0.58,1.07,1.26,290.53,,,5.32,1.82,200.82,1.24,2.08,0.53,0.0,0.0,18387.65,71.55,139.46,31.1,29.4,27.98,65.81,4.55,362.25,19.75,108.72,1572.02,51.3,39.11,60.89,41.09,18387.65,8807.58,7190.98,2.74,0.0,0.0,2386.34,71.55,19.75,1572.02,51.3,257.0,182.3,3.22,3.36,1
씨앤티85(주),56730,2016,5,41,32605,  종합 건설업 ,2002-01-04,,8.95,-2.33,0.0,0.0,5.76,17.06,0.0,-16.42,-51.96,0.0,0.0,0.0,-5566.25,25.0,-61.57,-10.42,14.7,-48.13,-101.2,-10.16,-10.33,-21.73,-25.25,-53.09,-10.62,-22.33,-31.12,-65.44,85.3,148.13,-46.35,-17.54,16.21,4.27,0.0,0.0,-18.25,184.25,6.48,0.09,0.0,7.84,2.56,3.3,27.33,5.89,7.15,7.65,260.93,0.0,-283.44,160.59,0.0,0.0,0.0,182.88,-1104.0,-86.78,303.36,-88.01,30.29,0.0,43.45,30.29,69.71,35.74,64.26,360.93,195.07,157.15,54.44,54.44,0.01,0.0,0.0,198.81,,0.0,179.83,155.69,83.61,24.14,0.0,-25.35,48.98,137.06,-2.83,-4.83,25.83,2.61,136.38,329.35,465.44,-14.73,-19.33,-9.47,-45.97,-2.97,0.21,0.22,0.52,0.65,0.36,8.14,44.85,0.73,0.73,0.0,0.0,,,0.0,2.51,145.66,0.3,0.49,0.28,0.0,0.01,-4973.67,-248.68,416.85,-200.61,-421.85,55.77,834.29,8.86,2024.54,-12.28,-29.81,-2808.02,-59.66,0.0,0.0,0.0,-4973.67,-7876.36,1115.37,1351.01,0.0,0.0,440.62,-248.68,-12.28,-2808.02,-59.66,20.0,0.0,0.0,0.0,1
우양에이치씨(주),101970,2012,4,25,32501,  금속가공제품 제조업; 기계 및 가구 제외 ,2012-07-26,2015/03/17,35.52,36.01,0.0,0.0,53.64,26.1,16.79,73.67,20.62,28.21,-3.78,1.1,0.0,0.0,0.0,0.0,18.77,10.34,3.33,8.49,7.62,2.45,30.27,9.74,8.31,2.67,339.39,109.24,81.23,89.66,-6.52,-7.01,3.85,-3.19,0.08,12.79,5.29,96.29,9.91,0.0,0.0,3.89,3.06,10.49,0.0,3.79,6.92,8.19,1061.43,0.0,35.6,89.91,1.77,0.15,1.98,18974.02,594.0,-911.94,7798.2,1962.11,61.2,5.74,157.76,57.69,38.8,27.77,72.23,1161.43,139.7,105.08,97.03,91.46,3.48,137.46,0.0,70.33,,195.44,260.08,227.14,84.42,32.95,0.0,-1.88,46.48,167.36,2.06,1.99,25.38,10.61,85.65,49.99,140.56,2.99,4.64,2.16,3.37,2.69,0.74,0.8,2.93,32.82,0.99,9.04,40.36,1.17,1.24,19.65,18.58,,,0.0,12.72,28.7,2.0,2.86,0.57,0.04,0.14,44189.46,132.3,606.11,62.68,20.17,59.5,198.41,129.13,946.15,13.98,66.68,102.46,21.83,44.97,55.03,15.25,44189.46,7726.7,19873.14,7788.51,2675.69,0.0,6125.41,132.3,13.98,102.46,21.83,334.0,0.0,0.0,20.74,0
우양에이치씨(주),101970,2013,4,25,32501,  금속가공제품 제조업; 기계 및 가구 제외 ,2012-07-26,2015/03/17,18.15,44.83,0.0,0.0,28.27,11.72,-10.35,48.06,11.64,3.55,69.94,66.17,21.03,3.29,8.08,18.88,17.11,9.59,5.07,6.85,6.29,3.32,19.92,10.52,7.44,3.93,250.47,132.31,82.89,90.41,-2.93,-3.25,2.68,-0.65,0.11,23.99,5.08,93.64,11.0,0.0,0.0,2.73,3.42,11.81,0.0,2.57,4.29,4.8,1232.22,0.0,30.68,91.83,0.0,0.0,0.0,12120.16,663.0,-409.32,6743.18,1162.57,57.88,4.61,137.4,55.21,42.12,34.8,65.2,1332.22,121.03,76.19,129.45,123.49,1.01,229.78,20.25,90.85,,252.93,187.33,128.47,63.05,58.86,155.59,13.17,50.0,143.65,2.71,3.49,32.19,12.32,90.6,61.92,131.98,-3.57,-4.65,-2.33,-3.84,3.58,0.66,0.78,2.08,26.11,0.96,9.64,37.85,1.1,1.16,21.47,17.0,,,0.0,11.85,30.79,1.62,2.27,0.58,0.04,0.1,55243.66,160.13,655.08,62.84,33.19,70.74,177.64,111.76,1082.19,14.8,90.14,143.28,24.44,44.17,55.83,20.73,55243.66,15064.91,24403.87,6051.86,2138.21,0.0,7584.81,160.13,14.8,143.28,24.44,345.0,0.0,0.0,23.56,0
한솔아이원스(주),114810,2013,5,29,32902,  기타 기계 및 장비 제조업 ,2013-02-07,,50.31,37.89,0.0,0.0,34.87,113.46,185.18,79.17,26.23,26.44,35.82,26.56,15.69,7.31,17.63,10.24,42.32,15.36,11.3,10.94,10.72,7.88,26.58,19.55,12.92,9.5,233.35,171.6,57.68,84.64,-1.84,-1.79,1.79,0.17,0.59,16.44,9.13,86.72,19.48,0.0,0.0,2.02,9.83,12.1,32.16,2.09,3.31,3.39,834.72,100.0,53.64,89.3,10.0,1.07,7.03,6429.94,750.0,1506.12,4635.2,987.67,27.9,28.54,38.7,19.94,72.1,43.1,56.9,934.72,167.29,113.24,76.8,54.88,14.89,138.64,0.0,199.87,,69.36,132.03,84.3,49.35,47.73,0.0,-8.43,37.05,85.98,7.29,8.57,38.49,8.35,35.26,108.05,144.68,20.19,31.01,11.49,19.78,8.6,0.7,0.84,1.73,15.19,1.17,14.42,25.32,2.84,3.85,10.81,33.78,,,0.0,6.65,54.87,0.93,1.01,1.08,0.33,0.02,24819.93,88.96,216.04,33.18,24.4,37.15,206.01,119.17,371.84,23.92,43.18,74.65,41.18,41.76,58.24,27.43,24819.93,8148.15,10365.89,1075.95,0.0,0.0,5229.94,88.96,23.92,74.65,41.18,279.0,147.61,11.99,109.58,1
한솔아이원스(주),114810,2014,5,29,32902,  기타 기계 및 장비 제조업 ,2013-02-07,,-0.08,9.78,0.0,0.0,10.4,-27.15,-17.13,11.14,14.71,-38.85,-16.27,-20.1,-9.41,11.47,2.91,-0.31,39.28,8.19,8.25,5.68,5.46,5.5,11.99,12.08,6.47,6.51,118.36,119.18,60.72,91.81,1.24,-1.67,1.67,0.41,0.28,12.53,6.61,91.14,17.19,0.0,0.0,1.72,8.76,10.87,30.67,2.04,3.42,3.5,938.87,100.0,58.19,90.37,10.0,0.96,8.39,7227.32,596.0,1139.94,5021.8,591.79,20.34,32.46,25.54,13.74,79.66,47.94,52.06,1038.87,166.17,107.94,77.63,52.43,3.26,146.96,0.0,147.43,,99.69,108.6,54.66,39.27,53.94,0.0,-5.86,38.98,81.3,4.1,6.65,43.32,9.39,36.18,113.8,127.0,23.18,30.97,12.07,18.1,4.91,0.67,0.79,1.46,14.45,1.22,11.02,33.13,2.76,3.96,9.15,39.87,,,0.0,6.43,56.78,0.88,0.95,1.2,0.22,0.02,25064.38,80.59,222.32,18.2,18.33,37.04,210.78,124.05,333.32,24.18,38.24,64.97,36.25,45.96,54.04,22.74,25064.38,6517.48,11519.18,1153.62,0.0,0.0,5874.1,80.59,24.18,64.97,36.25,311.0,156.5,9.75,150.39,1
한솔아이원스(주),114810,2015,5,29,32902,  기타 기계 및 장비 제조업 ,2013-02-07,,26.94,21.46,0.0,0.0,20.26,53.1,94.62,-9.37,0.32,0.0,-76.53,-74.47,-19.97,16.72,-14.05,4.37,21.88,-6.1,1.93,-3.36,-3.6,1.14,-8.93,2.83,-5.02,1.59,-84.34,26.68,78.12,106.1,12.03,-1.42,1.42,-0.1,0.26,67.5,1.98,94.89,18.36,0.0,0.0,1.29,5.59,9.31,45.35,1.4,1.91,2.37,758.21,0.0,9.36,88.35,0.0,0.0,0.0,6825.52,132.0,-337.44,4263.57,-416.27,24.54,41.26,32.51,14.41,75.46,34.23,65.77,858.21,220.49,160.12,46.41,27.26,0.1,101.57,0.0,183.88,,55.24,192.18,154.47,77.98,37.71,0.0,-28.33,50.56,147.73,-3.33,5.17,30.24,7.58,38.47,131.11,116.32,4.32,5.62,2.84,5.39,-4.29,0.59,0.82,1.46,13.83,0.99,9.78,37.32,2.6,4.18,6.88,53.06,,,0.0,5.88,62.07,0.76,0.82,0.92,0.34,0.01,23412.85,64.5,191.08,-11.65,3.69,38.66,128.61,50.84,362.5,17.79,50.15,126.87,33.75,59.94,40.06,5.72,23412.85,4117.49,14032.58,986.84,0.0,0.0,4275.95,64.5,17.79,126.87,33.75,363.0,113.88,7.58,74.71,1
한솔아이원스(주),114810,2016,5,29,32902,  기타 기계 및 장비 제조업 ,2013-02-07,,19.93,13.67,0.0,0.0,13.49,39.73,51.51,-27.0,22.53,0.0,0.0,-1261.15,-51.54,8.26,13.18,21.71,9.39,-12.72,-19.03,-7.39,-7.47,-11.18,-27.75,-41.51,-9.59,-14.35,-205.99,-308.17,90.61,112.72,-6.96,-4.2,4.2,0.86,0.23,0.0,-8.71,119.4,17.96,0.0,0.0,3.46,6.77,11.08,24.71,3.37,3.84,4.54,526.49,0.0,-36.42,84.04,0.0,0.0,0.0,8097.77,-1541.0,-361.84,2953.17,-1029.94,28.59,44.74,40.03,15.8,71.41,20.83,79.17,626.49,342.79,142.8,57.18,31.6,2.68,88.89,0.0,105.61,,84.17,380.01,239.96,54.53,140.04,0.0,-21.41,60.77,291.71,-2.93,-3.69,17.51,5.26,45.53,124.72,170.22,-2.89,-3.77,-2.29,-4.25,-3.03,0.59,0.75,2.18,16.2,0.8,6.98,52.28,2.2,3.87,5.07,71.95,,,0.0,5.4,67.58,0.8,0.86,0.75,0.29,0.01,12284.33,31.26,216.26,-27.51,-41.15,47.05,248.55,66.13,401.55,7.78,12.58,47.27,14.45,150.52,-50.52,-131.65,12284.33,-16726.64,18489.82,3567.48,0.0,0.0,6968.28,31.26,7.78,47.27,14.45,393.0,93.62,5.48,70.98,1
한솔아이원스(주),114810,2017,5,29,32902,  기타 기계 및 장비 제조업 ,2013-02-07,,18.82,3.78,0.0,-0.99,5.25,52.7,52.76,86.22,52.45,0.0,0.0,0.0,96.6,32.06,15.44,-22.1,26.95,4.96,-0.49,3.78,3.72,-0.37,13.65,-1.35,4.05,-0.4,107.43,-10.59,73.05,95.04,-5.02,-3.9,3.9,-0.34,0.22,0.0,2.56,100.06,14.55,0.0,0.0,3.86,6.06,8.72,32.86,4.02,5.22,5.3,812.67,0.0,-21.24,89.04,0.0,0.0,0.0,12168.62,-59.0,-672.99,5560.49,603.16,36.74,44.76,58.08,20.3,63.26,32.65,67.35,912.67,193.75,132.34,70.39,38.88,10.11,58.27,0.0,122.2,,47.68,206.27,159.86,73.63,46.41,0.0,-15.46,52.75,161.55,1.25,0.98,29.07,8.13,43.99,89.26,133.22,-4.34,-5.54,-2.92,-4.23,1.27,0.75,0.82,2.75,21.67,1.03,8.18,44.64,2.27,4.11,5.08,71.86,,,0.0,7.22,50.58,1.12,1.21,0.89,0.24,0.01,31894.3,61.45,249.65,12.37,-1.22,36.65,195.97,50.51,361.28,17.01,31.36,121.67,24.62,59.64,40.36,-1.99,31894.3,-79.97,19022.41,5048.1,0.0,0.0,7923.59,61.45,17.01,121.67,24.62,519.0,67.6,5.67,53.95,1
한솔아이원스(주),114810,2018,5,29,32902,  기타 기계 및 장비 제조업 ,2013-02-07,,5.41,6.42,0.0,-1.0,10.64,-3.6,31.03,0.0,31.67,-16.41,0.0,0.0,-2.99,17.15,12.4,9.57,25.74,3.15,0.51,2.82,2.79,0.45,8.77,1.41,3.07,0.5,80.03,12.91,74.26,96.85,-3.54,-2.25,2.25,0.22,0.16,0.0,2.44,100.39,14.09,0.0,0.0,2.21,5.02,9.17,39.42,2.92,3.69,3.81,812.67,0.0,-21.11,89.17,0.0,0.0,0.0,12716.47,65.0,726.39,4385.62,400.15,33.6,60.83,50.61,13.16,66.4,30.98,69.02,912.67,214.36,129.96,68.7,26.91,5.7,38.72,0.0,135.93,,28.48,222.83,157.89,64.87,64.94,0.0,-15.31,53.32,172.13,1.38,0.82,27.58,8.13,39.65,73.23,103.68,0.95,1.22,0.65,0.76,1.4,0.89,0.98,2.79,25.43,1.3,13.02,28.04,2.52,5.33,4.79,76.2,,,0.0,10.15,35.95,1.37,1.51,1.03,0.52,0.01,36245.79,59.61,280.6,8.83,1.42,40.16,177.76,49.85,325.07,18.34,33.54,119.6,21.25,67.37,32.63,2.39,36245.79,-678.2,24417.4,3831.05,0.0,0.0,8695.36,59.61,18.34,119.6,21.25,608.0,45.42,5.59,35.52,1
